f,g,key norm,h,k1 (non-ternary),k1-norm,k2 (ternary),k2-norm,beta1,beta2,total time (seconds)
"1, 0, 0, 0, -1, 0, -1, -1, 1, 1, 1, 0, 0, 0, 1, 1, 1, 0, 1, 0, 0, 0, -1, 0, 1, 0, 1, -1, -1, -1, 0, 1, 0, -1, 1, -1, -1, -1, 1, 1, -1, -1, 1, 0, 1, 1, 1, -1, 0, 0, -1, -1, 0, -1, 1, 1, 1, 1, -1, 0, 1, -1, 0, 1, -1, 0, -1, 0, 0, 1, 1, -1, 1, -1, -1, 1, 1, -1, 1, -1, 0, 1, 1, -1, 0, -1, 0, -1, -1, 1, 1, -1, 0, 1, 0, 0, -1, 1, 1, 0, 1, -1, -1, 1, 0, 1, -1, -1, 0, 1, -1, 1, 0, 0, 0, -1, 0, 0, 0, -1, -1, -1, -1, 0, 0, 0, 1","-1, 1, 0, 0, 1, 0, 1, -1, 1, 0, 0, 0, 1, 1, 1, -1, 0, -1, 0, -1, -1, -1, 0, 1, 0, -1, 1, 1, 0, 0, 0, -1, 0, 1, 1, 0, 1, 1, -1, 0, -1, 0, 1, 1, 0, 0, 0, -1, 0, -1, 1, 1, 1, 0, 1, -1, 0, -1, -1, -1, 1, -1, 1, 0, -1, 1, 0, -1, -1, 1, 1, -1, 1, 0, -1, 1, -1, 0, 1, -1, -1, 1, 1, 0, 0, 0, 1, -1, 0, -1, -1, 0, -1, -1, -1, 1, 1, -1, 0, -1, 0, -1, 0, 0, 1, 1, 1, 0, 1, 0, 1, 0, 1, 1, -1, -1, -1, -1, 0, -1, 0, 1, -1, 1, 0, 0, -1",13.0,"87, 61, 187, 470, 57, 155, 373, 480, 200, 145, 397, 23, 62, 9, 132, 262, 482, 334, 275, 257, 134, 295, 155, 407, 481, 32, 266, 487, 437, 420, 498, 241, 96, 197, 207, 50, 353, 97, 278, 196, 412, 317, 110, 225, 126, 441, 83, 394, 77, 294, 427, 122, 8, 505, 510, 166, 55, 89, 345, 83, 239, 152, 429, 182, 254, 140, 489, 210, 128, 19, 423, 309, 246, 200, 78, 207, 258, 46, 152, 492, 44, 116, 246, 330, 282, 332, 225, 161, 275, 505, 216, 326, 123, 499, 320, 444, 12, 81, 3, 2, 325, 504, 74, 48, 412, 114, 360, 268, 106, 88, 140, 63, 97, 305, 278, 74, 445, 242, 95, 150, 489, 175, 288, 0, 474, 270, 53","0, 1, -1, 0, 1, 1, -1, -1, 1, -1, 0, 1, -1, 1, 0, -1, 1, 1, -1, -1, 0, 0, 0, -1, 1, 0, 1, 1, 0, 1, 1, 1, -1, -1, 1, 0, 1, 0, 1, 0, 0, -1, -1, -1, 0, -1, 0, -1, 0, -1, -1, 1, 1, 1, 1, 0, 1, 0, -1, 1, -1, 0, 0, 1, 1, -1, 0, 0, -1, 0, -1, 1, -1, 0, 0, 0, -1, -1, -1, 1, 0, 1, 0, 1, 1, 1, 0, -1, 0, 1, -1, -1, 0, 0, 0, 1, 0, -1, -1, 0, -1, -1, 1, 0, 1, 0, -1, -1, 0, 0, 0, 1, 0, 1, -1, -1, -1, 0, -1, 1, 0, 1, 1, 1, -1, 1, -1, -1, 1, 0, 1, 0, 0, -1, -1, 1, -1, 1, 1, -1, -1, 1, -1, 1, 0, -1, -1, 1, 0, 1, 0, 1, 1, -1, -1, 1, 0, -1, 0, 0, 1, -1, -1, 0, -1, 1, 1, -1, 0, -1, 1, 1, 0, -1, 1, -1, 0, 0, 0, 1, 0, 0, 0, 1, 1, 1, 1, 0, 0, 0, -1, -1, 0, 0, 0, 1, 0, 1, 1, -1, -1, -1, 0, 0, 0, -1, -1, -1, 0, -1, 0, 0, 0, 1, 0, -1, 0, -1, 1, 1, 1, 0, -1, 0, 1, -1, 1, 1, 1, -1, -1, 1, 1, -1, 0, -1, -1, -1, 1, 0, 0, 1, 1, 0, 1, -1, -1, -1, -1, 1, 0, -1, 1, 0",13.0,"0, 1, -1, 0, 1, 1, -1, -1, 1, -1, 0, 1, -1, 1, 0, -1, 1, 1, -1, -1, 0, 0, 0, -1, 1, 0, 1, 1, 0, 1, 1, 1, -1, -1, 1, 0, 1, 0, 1, 0, 0, -1, -1, -1, 0, -1, 0, -1, 0, -1, -1, 1, 1, 1, 1, 0, 1, 0, -1, 1, -1, 0, 0, 1, 1, -1, 0, 0, -1, 0, -1, 1, -1, 0, 0, 0, -1, -1, -1, 1, 0, 1, 0, 1, 1, 1, 0, -1, 0, 1, -1, -1, 0, 0, 0, 1, 0, -1, -1, 0, -1, -1, 1, 0, 1, 0, -1, -1, 0, 0, 0, 1, 0, 1, -1, -1, -1, 0, -1, 1, 0, 1, 1, 1, -1, 1, -1, -1, 1, 0, 1, 0, 0, -1, -1, 1, -1, 1, 1, -1, -1, 1, -1, 1, 0, -1, -1, 1, 0, 1, 0, 1, 1, -1, -1, 1, 0, -1, 0, 0, 1, -1, -1, 0, -1, 1, 1, -1, 0, -1, 1, 1, 0, -1, 1, -1, 0, 0, 0, 1, 0, 0, 0, 1, 1, 1, 1, 0, 0, 0, -1, -1, 0, 0, 0, 1, 0, 1, 1, -1, -1, -1, 0, 0, 0, -1, -1, -1, 0, -1, 0, 0, 0, 1, 0, -1, 0, -1, 1, 1, 1, 0, -1, 0, 1, -1, 1, 1, 1, -1, -1, 1, 1, -1, 0, -1, -1, -1, 1, 0, 0, 1, 1, 0, 1, -1, -1, -1, -1, 1, 0, -1, 1, 0",13.0,56,56,444970.88501882553
"1, 1, -1, 1, -1, 1, 0, 1, -1, 0, -1, 1, -1, -1, 1, -1, 1, 1, 1, -1, -1, 1, -1, 0, 0, 0, 0, -1, 0, 1, -1, 0, 1, 0, -1, -1, 0, 0, 0, 1, 1, 0, 0, 0, 1, 0, -1, 0, 1, 0, 0, -1, -1, 1, 0, 1, 1, 0, -1, 0, -1, 1, -1, 1, 0, -1, 0, -1, 1, -1, -1, 0, 0, 1, 1, -1, -1, 1, 0, -1, 0, 1, -1, -1, -1, 0, -1, -1, 0, 1, 0, -1, 1, -1, -1, -1, 1, 1, 0, 0, 0, 0, -1, 1, -1, -1, 0, 0, 0, 1, 1, 0, -1, 1, 0, 1, 1, 1, -1, 1, 1, -1, 1, 0, 1, 1, 0","1, 1, 0, 1, -1, 1, -1, 0, 1, 1, 0, 0, -1, -1, 0, 1, 1, 0, 1, -1, 0, -1, 1, 1, -1, 0, 0, -1, -1, 0, 1, -1, 0, 1, -1, -1, 1, 0, -1, 1, 0, -1, 1, 1, -1, -1, 0, 1, 1, 0, 0, 1, 1, 0, 0, 0, -1, -1, 0, -1, 0, 0, 0, 1, 0, 1, 0, -1, -1, 1, -1, 1, 1, -1, 0, -1, -1, -1, 0, 0, 0, -1, 0, -1, 1, 0, 1, 0, 1, 0, -1, -1, -1, -1, 0, 0, -1, 0, 1, -1, 1, 0, -1, 0, 1, 1, 0, 1, 1, 1, -1, 1, 1, 0, -1, 1, 1, -1, 1, -1, -1, -1, 1, -1, 0, 0, 0",13.0,"21, 108, 6, 361, 86, 301, 22, 344, 137, 58, 102, 273, 88, 109, 302, 435, 80, 193, 380, 233, 453, 124, 466, 410, 131, 63, 219, 14, 177, 482, 58, 234, 3, 77, 241, 203, 488, 44, 492, 231, 282, 507, 429, 76, 35, 280, 103, 422, 16, 72, 110, 266, 239, 483, 85, 302, 171, 181, 174, 51, 273, 272, 346, 171, 315, 256, 347, 226, 46, 219, 290, 168, 296, 493, 449, 395, 362, 381, 211, 347, 348, 449, 12, 133, 296, 53, 88, 197, 362, 80, 489, 148, 165, 266, 52, 154, 339, 366, 500, 279, 147, 145, 284, 161, 495, 399, 299, 150, 41, 319, 26, 497, 364, 177, 156, 68, 299, 77, 326, 112, 39, 140, 490, 191, 131, 311, 168","-1, 0, 1, 0, -1, -1, 0, -1, -1, -1, 1, -1, -1, 0, 1, -1, -1, 1, -1, 1, 1, 1, -1, 1, 0, 0, 0, -1, -1, 0, -1, 1, -1, 1, 0, -1, -1, 0, 0, 1, 1, 0, -1, -1, 0, -1, 1, 0, 1, -1, -1, 1, 0, 0, 1, 1, 0, -1, 1, 0, -1, 1, 1, -1, 0, 1, -1, 0, 1, -1, -1, 1, 1, 0, -1, -1, 0, 0, -1, -1, 0, 0, 0, 1, 1, 0, 1, 0, 0, 0, -1, 0, -1, 0, 1, 1, -1, 1, -1, -1, 1, 0, 1, 1, 1, 0, 0, 0, 1, 0, 1, -1, 0, -1, 0, -1, 0, 1, 1, 1, 1, 0, 0, 1, 0, -1, 1, 0, 0, 1, -1, 1, 1, 0, 0, 0, -1, -1, 0, 1, -1, 0, -1, -1, -1, 1, -1, -1, 1, -1, 0, -1, -1, 0, -1, -1, 1, -1, 1, -1, 0, -1, 1, 0, 1, -1, 1, 1, -1, 1, -1, -1, -1, 1, 1, -1, 1, 0, 0, 0, 0, 1, 0, -1, 1, 0, -1, 0, 1, 1, 0, 0, 0, -1, -1, 0, 0, 0, -1, 0, 1, 0, -1, 0, 0, 1, 1, -1, 0, -1, -1, 0, 1, 0, 1, -1, 1, -1, 0, 1, 0, 1, -1, 1, 1, 0, 0, -1, -1, 1, 1, -1, 0, 1, 0, -1, 1, 1, 1, 0, 1, 1, 0, -1, 0, 1, -1, 1, 1, 1, -1, -1, 0, 0",13.0,"-1, 0, 1, 0, -1, -1, 0, -1, -1, -1, 1, -1, -1, 0, 1, -1, -1, 1, -1, 1, 1, 1, -1, 1, 0, 0, 0, -1, -1, 0, -1, 1, -1, 1, 0, -1, -1, 0, 0, 1, 1, 0, -1, -1, 0, -1, 1, 0, 1, -1, -1, 1, 0, 0, 1, 1, 0, -1, 1, 0, -1, 1, 1, -1, 0, 1, -1, 0, 1, -1, -1, 1, 1, 0, -1, -1, 0, 0, -1, -1, 0, 0, 0, 1, 1, 0, 1, 0, 0, 0, -1, 0, -1, 0, 1, 1, -1, 1, -1, -1, 1, 0, 1, 1, 1, 0, 0, 0, 1, 0, 1, -1, 0, -1, 0, -1, 0, 1, 1, 1, 1, 0, 0, 1, 0, -1, 1, 0, 0, 1, -1, 1, 1, 0, 0, 0, -1, -1, 0, 1, -1, 0, -1, -1, -1, 1, -1, -1, 1, -1, 0, -1, -1, 0, -1, -1, 1, -1, 1, -1, 0, -1, 1, 0, 1, -1, 1, 1, -1, 1, -1, -1, -1, 1, 1, -1, 1, 0, 0, 0, 0, 1, 0, -1, 1, 0, -1, 0, 1, 1, 0, 0, 0, -1, -1, 0, 0, 0, -1, 0, 1, 0, -1, 0, 0, 1, 1, -1, 0, -1, -1, 0, 1, 0, 1, -1, 1, -1, 0, 1, 0, 1, -1, 1, 1, 0, 0, -1, -1, 1, 1, -1, 0, 1, 0, -1, 1, 1, 1, 0, 1, 1, 0, -1, 0, 1, -1, 1, 1, 1, -1, -1, 0, 0",13.0,51,51,232974.86692261696
"-1, 0, -1, -1, 0, -1, -1, 0, 1, 1, 1, 1, 1, 0, 0, 1, 0, -1, 1, 1, 0, 1, 1, 0, 1, 1, 0, -1, 1, 0, 1, 1, -1, 0, -1, 0, 1, 0, -1, 1, 0, 0, 1, 0, -1, -1, 1, -1, 0, -1, 0, -1, 1, -1, 0, -1, 0, -1, -1, 0, 1, 1, 0, 1, -1, 1, 1, 1, 1, 0, -1, 0, 1, 1, -1, -1, -1, 1, -1, -1, -1, 1, -1, -1, -1, -1, 1, -1, 0, 0, 1, 0, 0, 1, 0, 0, 0, 0, -1, 1, -1, -1, -1, 0, -1, 1, 0, 0, 0, 1, 0, -1, 1, -1, -1, 1, 1, 0, 0, -1, 0, 1, 1, 0, -1, 0, 1","0, -1, 1, -1, -1, 0, 1, 1, -1, 0, 1, -1, -1, 0, 1, 0, -1, 0, 0, 1, -1, -1, 0, 0, 0, -1, 1, -1, 0, -1, 1, -1, 0, 1, 1, 1, 1, 0, 0, 1, -1, 0, 1, 1, 1, 1, 0, -1, 1, 0, 0, -1, 1, -1, 0, -1, 1, 1, 1, -1, 1, -1, -1, -1, 1, 0, 0, 1, 1, 1, -1, -1, -1, 1, -1, -1, 1, -1, 1, 0, 1, -1, 0, -1, -1, 0, 1, 1, 0, -1, -1, 1, 0, 0, 1, -1, 0, 1, 1, 0, 0, 0, -1, -1, -1, 0, -1, 0, 0, 1, 1, 0, 0, 1, -1, 0, 0, 0, 0, -1, 0, 1, -1, 0, 1, -1, 0",13.0,"202, 290, 288, 16, 487, 35, 319, 272, 91, 3, 364, 288, 372, 291, 105, 327, 251, 432, 34, 310, 436, 53, 267, 401, 126, 467, 241, 9, 105, 134, 396, 239, 437, 69, 76, 186, 494, 33, 481, 390, 249, 3, 305, 390, 176, 209, 108, 231, 299, 234, 408, 362, 182, 172, 109, 420, 153, 408, 158, 24, 446, 437, 81, 447, 313, 46, 511, 474, 175, 128, 104, 458, 113, 62, 328, 95, 505, 214, 79, 462, 8, 407, 422, 350, 467, 171, 189, 71, 38, 114, 223, 202, 497, 484, 422, 257, 256, 367, 139, 392, 245, 154, 461, 13, 495, 403, 463, 408, 174, 159, 211, 365, 496, 31, 70, 261, 250, 323, 8, 41, 318, 417, 159, 273, 407, 257, 23","0, 1, -1, 0, -1, -1, 0, 1, 1, 0, -1, -1, 1, 0, 0, 1, -1, 0, 1, 1, 0, 0, 0, -1, -1, -1, 0, -1, 0, 0, 1, 1, 0, 0, 1, -1, 0, 0, 0, 0, -1, 0, 1, -1, 0, 1, -1, 0, 0, -1, 1, -1, -1, 0, 1, 1, -1, 0, 1, -1, -1, 0, 1, 0, -1, 0, 0, 1, -1, -1, 0, 0, 0, -1, 1, -1, 0, -1, 1, -1, 0, 1, 1, 1, 1, 0, 0, 1, -1, 0, 1, 1, 1, 1, 0, -1, 1, 0, 0, -1, 1, -1, 0, -1, 1, 1, 1, -1, 1, -1, -1, -1, 1, 0, 0, 1, 1, 1, -1, -1, -1, 1, -1, -1, 1, -1, 1, -1, -1, 1, -1, -1, -1, -1, 1, -1, 0, 0, 1, 0, 0, 1, 0, 0, 0, 0, -1, 1, -1, -1, -1, 0, -1, 1, 0, 0, 0, 1, 0, -1, 1, -1, -1, 1, 1, 0, 0, -1, 0, 1, 1, 0, -1, 0, 1, -1, 0, -1, -1, 0, -1, -1, 0, 1, 1, 1, 1, 1, 0, 0, 1, 0, -1, 1, 1, 0, 1, 1, 0, 1, 1, 0, -1, 1, 0, 1, 1, -1, 0, -1, 0, 1, 0, -1, 1, 0, 0, 1, 0, -1, -1, 1, -1, 0, -1, 0, -1, 1, -1, 0, -1, 0, -1, -1, 0, 1, 1, 0, 1, -1, 1, 1, 1, 1, 0, -1, 0, 1, 1, -1, -1, -1, 1, -1",13.0,"0, 1, -1, 0, -1, -1, 0, 1, 1, 0, -1, -1, 1, 0, 0, 1, -1, 0, 1, 1, 0, 0, 0, -1, -1, -1, 0, -1, 0, 0, 1, 1, 0, 0, 1, -1, 0, 0, 0, 0, -1, 0, 1, -1, 0, 1, -1, 0, 0, -1, 1, -1, -1, 0, 1, 1, -1, 0, 1, -1, -1, 0, 1, 0, -1, 0, 0, 1, -1, -1, 0, 0, 0, -1, 1, -1, 0, -1, 1, -1, 0, 1, 1, 1, 1, 0, 0, 1, -1, 0, 1, 1, 1, 1, 0, -1, 1, 0, 0, -1, 1, -1, 0, -1, 1, 1, 1, -1, 1, -1, -1, -1, 1, 0, 0, 1, 1, 1, -1, -1, -1, 1, -1, -1, 1, -1, 1, -1, -1, 1, -1, -1, -1, -1, 1, -1, 0, 0, 1, 0, 0, 1, 0, 0, 0, 0, -1, 1, -1, -1, -1, 0, -1, 1, 0, 0, 0, 1, 0, -1, 1, -1, -1, 1, 1, 0, 0, -1, 0, 1, 1, 0, -1, 0, 1, -1, 0, -1, -1, 0, -1, -1, 0, 1, 1, 1, 1, 1, 0, 0, 1, 0, -1, 1, 1, 0, 1, 1, 0, 1, 1, 0, -1, 1, 0, 1, 1, -1, 0, -1, 0, 1, 0, -1, 1, 0, 0, 1, 0, -1, -1, 1, -1, 0, -1, 0, -1, 1, -1, 0, -1, 0, -1, -1, 0, 1, 1, 0, 1, -1, 1, 1, 1, 1, 0, -1, 0, 1, 1, -1, -1, -1, 1, -1",13.0,54,54,486419.54065418243
"0, 0, -1, -1, 1, 0, -1, 0, -1, 1, 1, 0, 0, -1, 0, -1, -1, -1, 0, -1, 1, 1, -1, -1, 1, 1, -1, -1, 1, 1, -1, -1, -1, 1, -1, -1, 0, 1, 1, 1, -1, 1, -1, 0, 0, 1, 1, -1, -1, 0, 0, 0, -1, -1, 1, 0, 0, 1, 0, 0, 0, 1, 1, 1, 1, 0, 1, 1, 1, 0, 1, 0, -1, 0, 0, 0, 0, -1, 1, -1, 0, -1, 0, 0, -1, -1, 0, 1, 0, -1, 1, -1, -1, 1, -1, -1, 1, 1, 1, 1, 0, 1, 0, 0, -1, 1, 1, 1, -1, -1, 0, 1, -1, 0, -1, 1, -1, 0, -1, 0, 1, 1, 0, 0, 0, 1, 0","1, -1, 0, 0, 0, -1, 1, -1, 1, -1, 0, -1, 1, 1, 1, 0, 1, -1, 0, 1, 0, 1, 1, 0, 0, 0, 0, 0, 0, 0, -1, 1, -1, 1, 0, 0, 1, 1, 0, 1, 0, -1, -1, -1, 1, -1, 0, 1, 0, -1, 1, -1, 0, -1, 1, 0, 0, -1, 1, 1, 1, -1, 1, 0, -1, -1, 1, -1, 1, -1, 1, 1, 1, 1, 1, -1, -1, 0, 0, 0, 0, -1, 0, 1, -1, -1, -1, -1, 1, 1, -1, 1, 0, 0, 1, -1, -1, 1, -1, -1, 0, 1, -1, -1, 0, 1, 0, -1, -1, 0, 0, -1, -1, 1, 0, 0, -1, 0, 1, -1, 1, 0, 0, 0, 1, 0, -1",13.0,"152, 384, 192, 299, 392, 157, 333, 388, 1, 432, 302, 13, 37, 96, 365, 303, 66, 331, 426, 10, 250, 55, 199, 438, 129, 196, 187, 89, 460, 240, 225, 323, 112, 416, 378, 484, 457, 126, 148, 299, 117, 48, 276, 431, 150, 50, 223, 24, 369, 333, 240, 310, 274, 400, 154, 77, 410, 297, 238, 310, 51, 107, 288, 374, 206, 220, 336, 183, 380, 328, 89, 345, 4, 106, 38, 130, 449, 453, 346, 199, 178, 227, 508, 138, 384, 320, 363, 339, 197, 132, 216, 315, 418, 372, 328, 215, 494, 481, 418, 187, 272, 257, 321, 222, 135, 59, 98, 407, 175, 46, 185, 185, 342, 254, 87, 157, 425, 271, 237, 375, 472, 67, 319, 203, 96, 481, 113","-1, 1, -1, 1, 0, 0, 1, 1, 0, 1, 0, -1, -1, -1, 1, -1, 0, 1, 0, -1, 1, -1, 0, -1, 1, 0, 0, -1, 1, 1, 1, -1, 1, 0, -1, -1, 1, -1, 1, -1, 1, 1, 1, 1, 1, -1, -1, 0, 0, 0, 0, -1, 0, 1, -1, -1, -1, -1, 1, 1, -1, 1, 0, 0, 1, -1, -1, 1, -1, -1, 0, 1, -1, -1, 0, 1, 0, -1, -1, 0, 0, -1, -1, 1, 0, 0, -1, 0, 1, -1, 1, 0, 0, 0, 1, 0, -1, 1, -1, 0, 0, 0, -1, 1, -1, 1, -1, 0, -1, 1, 1, 1, 0, 1, -1, 0, 1, 0, 1, 1, 0, 0, 0, 0, 0, 0, 0, -1, -1, -1, 1, -1, -1, 0, 1, 1, 1, -1, 1, -1, 0, 0, 1, 1, -1, -1, 0, 0, 0, -1, -1, 1, 0, 0, 1, 0, 0, 0, 1, 1, 1, 1, 0, 1, 1, 1, 0, 1, 0, -1, 0, 0, 0, 0, -1, 1, -1, 0, -1, 0, 0, -1, -1, 0, 1, 0, -1, 1, -1, -1, 1, -1, -1, 1, 1, 1, 1, 0, 1, 0, 0, -1, 1, 1, 1, -1, -1, 0, 1, -1, 0, -1, 1, -1, 0, -1, 0, 1, 1, 0, 0, 0, 1, 0, 0, 0, -1, -1, 1, 0, -1, 0, -1, 1, 1, 0, 0, -1, 0, -1, -1, -1, 0, -1, 1, 1, -1, -1, 1, 1, -1, -1, 1, 1",13.0,"-1, 1, -1, 1, 0, 0, 1, 1, 0, 1, 0, -1, -1, -1, 1, -1, 0, 1, 0, -1, 1, -1, 0, -1, 1, 0, 0, -1, 1, 1, 1, -1, 1, 0, -1, -1, 1, -1, 1, -1, 1, 1, 1, 1, 1, -1, -1, 0, 0, 0, 0, -1, 0, 1, -1, -1, -1, -1, 1, 1, -1, 1, 0, 0, 1, -1, -1, 1, -1, -1, 0, 1, -1, -1, 0, 1, 0, -1, -1, 0, 0, -1, -1, 1, 0, 0, -1, 0, 1, -1, 1, 0, 0, 0, 1, 0, -1, 1, -1, 0, 0, 0, -1, 1, -1, 1, -1, 0, -1, 1, 1, 1, 0, 1, -1, 0, 1, 0, 1, 1, 0, 0, 0, 0, 0, 0, 0, -1, -1, -1, 1, -1, -1, 0, 1, 1, 1, -1, 1, -1, 0, 0, 1, 1, -1, -1, 0, 0, 0, -1, -1, 1, 0, 0, 1, 0, 0, 0, 1, 1, 1, 1, 0, 1, 1, 1, 0, 1, 0, -1, 0, 0, 0, 0, -1, 1, -1, 0, -1, 0, 0, -1, -1, 0, 1, 0, -1, 1, -1, -1, 1, -1, -1, 1, 1, 1, 1, 0, 1, 0, 0, -1, 1, 1, 1, -1, -1, 0, 1, -1, 0, -1, 1, -1, 0, -1, 0, 1, 1, 0, 0, 0, 1, 0, 0, 0, -1, -1, 1, 0, -1, 0, -1, 1, 1, 0, 0, -1, 0, -1, -1, -1, 0, -1, 1, 1, -1, -1, 1, 1, -1, -1, 1, 1",13.0,53,53,422755.951990366
"1, -1, 1, 1, -1, -1, -1, 1, 0, 0, 1, 0, 0, 0, 1, 0, -1, 0, 1, -1, -1, 1, 1, 0, 0, -1, 1, 0, -1, 0, 1, -1, 0, -1, 1, -1, 1, -1, 1, 0, 1, -1, 0, 1, 1, 0, -1, 1, -1, 0, 1, 0, 1, -1, -1, 0, 0, 0, 0, 1, -1, -1, -1, 1, 0, 1, -1, -1, 0, 1, -1, -1, 0, 1, 0, 0, 0, 1, -1, 0, -1, 1, 0, 0, 0, 1, -1, 0, -1, 1, 0, 1, 0, 1, 0, -1, -1, 0, -1, 1, 1, -1, 1, 0, -1, -1, 1, -1, -1, 1, 0, 1, 1, 1, 0, 1, 1, 1, -1, -1, 1, -1, 0, 0, -1, 0, -1","-1, 1, 1, -1, 0, -1, -1, 1, 0, -1, 0, 0, 0, 0, -1, -1, -1, -1, -1, 0, 1, 1, 1, 0, 0, 1, 0, 0, -1, 1, 0, 1, 1, -1, 0, 0, -1, 0, -1, 0, 0, 1, 0, -1, 0, 0, 1, 1, -1, 1, -1, -1, 1, 1, -1, 1, -1, 1, -1, 1, 1, 0, -1, 1, 0, 1, 0, 0, 1, 1, -1, -1, 1, 1, -1, 0, 1, -1, -1, 1, 0, 0, -1, 1, 1, -1, 0, 1, -1, -1, 1, 1, 0, -1, 0, 0, -1, -1, 0, 0, 0, 0, -1, 1, 1, -1, 0, 1, 1, 0, 1, -1, 0, -1, 0, 1, 1, 0, 1, -1, 0, 0, -1, 1, -1, 0, -1",13.0,"389, 353, 172, 344, 341, 73, 328, 408, 507, 202, 202, 346, 328, 184, 375, 123, 190, 122, 39, 44, 66, 279, 469, 255, 304, 121, 121, 263, 210, 217, 268, 473, 68, 116, 385, 266, 303, 500, 238, 377, 394, 404, 305, 507, 107, 61, 379, 378, 372, 380, 338, 184, 325, 446, 386, 288, 377, 164, 402, 217, 415, 177, 478, 505, 431, 415, 269, 261, 61, 194, 318, 46, 301, 345, 458, 70, 144, 276, 396, 354, 287, 319, 332, 235, 201, 119, 386, 456, 4, 25, 472, 208, 240, 301, 327, 443, 289, 337, 270, 485, 17, 16, 152, 141, 23, 162, 270, 35, 324, 18, 187, 229, 148, 253, 208, 467, 278, 510, 406, 25, 380, 278, 106, 169, 118, 428, 11","0, 1, -1, -1, 1, 0, -1, -1, 0, -1, 1, 0, 1, 0, -1, -1, 0, -1, 1, 0, 0, 1, -1, 1, 0, 1, 1, -1, -1, 1, 0, 1, 1, -1, 0, 1, 0, 0, 0, 0, 1, 1, 1, 1, 1, 0, -1, -1, -1, 0, 0, -1, 0, 0, 1, -1, 0, -1, -1, 1, 0, 0, 1, 0, 1, 0, 0, -1, 0, 1, 0, 0, -1, -1, 1, -1, 1, 1, -1, -1, 1, -1, 1, -1, 1, -1, -1, 0, 1, -1, 0, -1, 0, 0, -1, -1, 1, 1, -1, -1, 1, 0, -1, 1, 1, -1, 0, 0, 1, -1, -1, 1, 0, -1, 1, 1, -1, -1, 0, 1, 0, 0, 1, 1, 0, 0, 0, 1, -1, 0, 1, 1, -1, 1, 1, -1, 0, -1, -1, -1, 0, -1, -1, -1, 1, 1, -1, 1, 0, 0, 1, 0, 1, -1, 1, -1, -1, 1, 1, 1, -1, 0, 0, -1, 0, 0, 0, -1, 0, 1, 0, -1, 1, 1, -1, -1, 0, 0, 1, -1, 0, 1, 0, -1, 1, 0, 1, -1, 1, -1, 1, -1, 0, -1, 1, 0, -1, -1, 0, 1, -1, 1, 0, -1, 0, -1, 1, 1, 0, 0, 0, 0, -1, 1, 1, 1, -1, 0, -1, 1, 1, 0, -1, 1, 1, 0, -1, 0, 0, 0, -1, 1, 0, 1, -1, 0, 0, 0, -1, 1, 0, 1, -1, 0, -1, 0, -1, 0, 1, 1, 0, 1, -1, -1",13.0,"0, 1, -1, -1, 1, 0, -1, -1, 0, -1, 1, 0, 1, 0, -1, -1, 0, -1, 1, 0, 0, 1, -1, 1, 0, 1, 1, -1, -1, 1, 0, 1, 1, -1, 0, 1, 0, 0, 0, 0, 1, 1, 1, 1, 1, 0, -1, -1, -1, 0, 0, -1, 0, 0, 1, -1, 0, -1, -1, 1, 0, 0, 1, 0, 1, 0, 0, -1, 0, 1, 0, 0, -1, -1, 1, -1, 1, 1, -1, -1, 1, -1, 1, -1, 1, -1, -1, 0, 1, -1, 0, -1, 0, 0, -1, -1, 1, 1, -1, -1, 1, 0, -1, 1, 1, -1, 0, 0, 1, -1, -1, 1, 0, -1, 1, 1, -1, -1, 0, 1, 0, 0, 1, 1, 0, 0, 0, 1, -1, 0, 1, 1, -1, 1, 1, -1, 0, -1, -1, -1, 0, -1, -1, -1, 1, 1, -1, 1, 0, 0, 1, 0, 1, -1, 1, -1, -1, 1, 1, 1, -1, 0, 0, -1, 0, 0, 0, -1, 0, 1, 0, -1, 1, 1, -1, -1, 0, 0, 1, -1, 0, 1, 0, -1, 1, 0, 1, -1, 1, -1, 1, -1, 0, -1, 1, 0, -1, -1, 0, 1, -1, 1, 0, -1, 0, -1, 1, 1, 0, 0, 0, 0, -1, 1, 1, 1, -1, 0, -1, 1, 1, 0, -1, 1, 1, 0, -1, 0, 0, 0, -1, 1, 0, 1, -1, 0, 0, 0, -1, 1, 0, 1, -1, 0, -1, 0, -1, 0, 1, 1, 0, 1, -1, -1",13.0,53,53,403781.1055510044
"0, -1, 0, -1, 1, 1, 0, 0, -1, -1, 0, -1, 1, 1, 1, 0, -1, 1, 1, 0, -1, -1, 0, -1, -1, 1, 0, 0, 0, 0, 1, 0, -1, 1, 1, 0, -1, 1, 0, 0, 0, 0, 1, 0, 0, 1, -1, 1, -1, -1, 1, 1, -1, 1, 1, 0, 0, -1, 0, 0, 1, 1, 0, 0, -1, 1, 1, -1, -1, 0, 0, -1, -1, -1, -1, 1, -1, 1, -1, 0, 1, 1, -1, 0, 1, 1, -1, -1, -1, 0, 1, 0, 1, -1, 0, 1, -1, -1, -1, 1, -1, 0, -1, 1, 0, 1, -1, 1, 1, 1, -1, 0, 0, -1, -1, 1, 0, 0, 0, -1, 1, 1, 1, 0, 0, -1, 1","0, 0, -1, 0, 0, 1, 0, -1, 0, -1, 1, -1, -1, 1, -1, 1, 0, -1, -1, 1, 1, 1, 1, 1, -1, 0, 1, 0, 1, 1, 0, 1, 1, 0, 1, 1, 0, 0, -1, 1, -1, 1, -1, -1, 0, -1, 0, 1, -1, -1, 0, 1, 0, 1, -1, 0, 1, 0, 0, 0, 1, 0, -1, 0, -1, 0, -1, 0, -1, 1, -1, -1, 1, 0, 1, 0, -1, 1, 0, 1, -1, 0, 1, 1, -1, -1, 0, 0, 1, 0, 1, 0, 1, 0, -1, 1, -1, -1, -1, 0, -1, -1, 0, 0, 1, 0, -1, 1, -1, -1, 0, -1, 0, -1, -1, 1, 0, -1, -1, 1, 1, 1, 1, -1, 0, 1, 0",13.0,"126, 469, 213, 307, 381, 136, 172, 398, 326, 55, 23, 91, 44, 167, 91, 38, 9, 32, 454, 494, 168, 69, 156, 131, 261, 414, 471, 35, 66, 460, 342, 423, 298, 366, 87, 29, 194, 248, 350, 367, 181, 503, 511, 424, 368, 295, 357, 315, 292, 250, 372, 410, 393, 78, 236, 28, 354, 221, 137, 223, 93, 23, 200, 9, 249, 384, 504, 267, 313, 256, 457, 482, 411, 71, 116, 246, 16, 410, 286, 4, 328, 48, 359, 97, 363, 370, 92, 307, 87, 343, 333, 341, 507, 507, 321, 150, 188, 186, 398, 438, 291, 428, 452, 69, 256, 504, 179, 131, 112, 423, 172, 277, 442, 42, 385, 445, 246, 111, 285, 138, 24, 470, 200, 33, 376, 103, 193","1, 0, 1, 1, -1, 0, 1, 1, -1, -1, -1, -1, 1, 0, -1, 0, 0, 0, 1, 0, 0, -1, 0, 1, 0, 1, -1, 1, 1, -1, 1, -1, 0, 1, 1, -1, -1, -1, -1, -1, 1, 0, -1, 0, -1, -1, 0, -1, -1, 0, -1, -1, 0, 0, 1, -1, 1, -1, 1, 1, 0, 1, 0, -1, 1, 1, 0, -1, 0, -1, 1, 0, -1, 0, 0, 0, -1, 0, 1, 0, 1, 0, 1, 0, 1, -1, 1, 1, -1, 0, -1, 0, 1, -1, 0, -1, 1, 0, -1, -1, 1, 1, 0, 0, -1, 0, -1, 0, -1, 0, 1, -1, 1, 1, 1, 0, 1, 1, 0, 0, -1, 0, 1, -1, 1, 1, 0, 0, 0, 1, 1, -1, 0, 0, 0, 1, -1, -1, -1, 0, 0, 1, -1, 0, 1, 0, 1, -1, -1, 0, 0, 1, 1, 0, 1, -1, -1, -1, 0, 1, -1, -1, 0, 1, 1, 0, 1, 1, -1, 0, 0, 0, 0, -1, 0, 1, -1, -1, 0, 1, -1, 0, 0, 0, 0, -1, 0, 0, -1, 1, -1, 1, 1, -1, -1, 1, -1, -1, 0, 0, 1, 0, 0, -1, -1, 0, 0, 1, -1, -1, 1, 1, 0, 0, 1, 1, 1, 1, -1, 1, -1, 1, 0, -1, -1, 1, 0, -1, -1, 1, 1, 1, 0, -1, 0, -1, 1, 0, -1, 1, 1, 1, -1, 1, 0, 1, -1, 0, -1, 1, -1, -1, -1, 1",13.0,"1, 0, 1, 1, -1, 0, 1, 1, -1, -1, -1, -1, 1, 0, -1, 0, 0, 0, 1, 0, 0, -1, 0, 1, 0, 1, -1, 1, 1, -1, 1, -1, 0, 1, 1, -1, -1, -1, -1, -1, 1, 0, -1, 0, -1, -1, 0, -1, -1, 0, -1, -1, 0, 0, 1, -1, 1, -1, 1, 1, 0, 1, 0, -1, 1, 1, 0, -1, 0, -1, 1, 0, -1, 0, 0, 0, -1, 0, 1, 0, 1, 0, 1, 0, 1, -1, 1, 1, -1, 0, -1, 0, 1, -1, 0, -1, 1, 0, -1, -1, 1, 1, 0, 0, -1, 0, -1, 0, -1, 0, 1, -1, 1, 1, 1, 0, 1, 1, 0, 0, -1, 0, 1, -1, 1, 1, 0, 0, 0, 1, 1, -1, 0, 0, 0, 1, -1, -1, -1, 0, 0, 1, -1, 0, 1, 0, 1, -1, -1, 0, 0, 1, 1, 0, 1, -1, -1, -1, 0, 1, -1, -1, 0, 1, 1, 0, 1, 1, -1, 0, 0, 0, 0, -1, 0, 1, -1, -1, 0, 1, -1, 0, 0, 0, 0, -1, 0, 0, -1, 1, -1, 1, 1, -1, -1, 1, -1, -1, 0, 0, 1, 0, 0, -1, -1, 0, 0, 1, -1, -1, 1, 1, 0, 0, 1, 1, 1, 1, -1, 1, -1, 1, 0, -1, -1, 1, 0, -1, -1, 1, 1, 1, 0, -1, 0, -1, 1, 0, -1, 1, 1, 1, -1, 1, 0, 1, -1, 0, -1, 1, -1, -1, -1, 1",13.0,55,55,607414.0785002708
"-1, -1, -1, -1, 0, -1, 0, -1, 1, 0, 1, 1, 0, -1, 0, 0, -1, 1, 0, -1, -1, 1, -1, 0, -1, 0, 1, 1, 1, 1, 1, -1, 0, 0, 1, -1, -1, -1, -1, 0, 1, -1, 1, 1, 1, 0, -1, -1, 1, -1, -1, 0, 0, 0, 0, 0, 1, -1, 1, 1, -1, -1, 0, 1, 0, -1, -1, -1, 1, 0, 1, 1, 0, 0, 1, -1, 1, -1, 1, 0, 0, 1, 1, -1, 0, 1, -1, 1, 0, 1, 0, 0, 0, 0, 1, 0, -1, 1, 0, 1, -1, 0, -1, -1, -1, -1, 0, 0, 1, 0, 1, 1, 0, 1, 0, 1, 1, -1, 0, 1, 1, -1, 0, 0, -1, -1, 1","1, 0, 0, 0, 0, 0, 0, -1, 1, -1, 0, -1, 0, 1, -1, -1, 1, 0, 0, 1, -1, 0, 1, 1, 1, 0, 1, 0, 1, 0, -1, 0, 1, 1, 0, 1, 0, 0, 1, 1, 0, 0, -1, 1, 1, -1, 0, -1, 1, 1, -1, -1, 1, 1, -1, 0, 1, 1, -1, -1, -1, -1, -1, -1, -1, 0, -1, 0, 1, -1, -1, 0, 1, 0, -1, 0, -1, 0, -1, 0, 0, 1, -1, -1, 0, 1, -1, 1, 0, 0, -1, 1, 0, 0, -1, 0, 1, 1, 0, -1, 1, -1, 0, 1, -1, 1, -1, 1, 1, 0, 1, -1, 0, 0, 1, 1, -1, 1, -1, -1, -1, 1, 1, -1, -1, 0, 0",13.0,"380, 8, 84, 23, 418, 489, 294, 158, 0, 272, 26, 250, 220, 78, 503, 83, 220, 36, 460, 103, 291, 159, 116, 489, 170, 127, 406, 92, 314, 175, 205, 482, 462, 394, 126, 255, 314, 296, 166, 255, 405, 67, 472, 247, 250, 467, 68, 437, 359, 235, 509, 431, 67, 213, 407, 123, 405, 289, 415, 92, 489, 365, 127, 417, 362, 115, 199, 199, 67, 337, 420, 104, 386, 292, 33, 487, 248, 269, 13, 457, 219, 471, 155, 247, 402, 137, 289, 94, 131, 13, 68, 149, 251, 246, 246, 465, 298, 202, 233, 317, 508, 86, 359, 121, 101, 64, 150, 100, 21, 68, 497, 69, 402, 238, 70, 367, 215, 473, 131, 460, 498, 511, 502, 130, 161, 13, 53","-1, -1, 1, 0, 0, 1, -1, 0, 1, 1, 1, 0, 1, 0, 1, 0, -1, 0, 1, 1, 0, 1, 0, 0, 1, 1, 0, 0, -1, 1, 1, -1, 0, -1, 1, 1, -1, -1, 1, 1, -1, 0, 1, 1, -1, -1, -1, -1, -1, -1, -1, 0, -1, 0, 1, -1, -1, 0, 1, 0, -1, 0, -1, 0, -1, 0, 0, 1, -1, -1, 0, 1, -1, 1, 0, 0, -1, 1, 0, 0, -1, 0, 1, 1, 0, -1, 1, -1, 0, 1, -1, 1, -1, 1, 1, 0, 1, -1, 0, 0, 1, 1, -1, 1, -1, -1, -1, 1, 1, -1, -1, 0, 0, 1, 0, 0, 0, 0, 0, 0, -1, 1, -1, 0, -1, 0, 1, 0, 0, -1, 1, 0, -1, -1, 1, -1, 0, -1, 0, 1, 1, 1, 1, 1, -1, 0, 0, 1, -1, -1, -1, -1, 0, 1, -1, 1, 1, 1, 0, -1, -1, 1, -1, -1, 0, 0, 0, 0, 0, 1, -1, 1, 1, -1, -1, 0, 1, 0, -1, -1, -1, 1, 0, 1, 1, 0, 0, 1, -1, 1, -1, 1, 0, 0, 1, 1, -1, 0, 1, -1, 1, 0, 1, 0, 0, 0, 0, 1, 0, -1, 1, 0, 1, -1, 0, -1, -1, -1, -1, 0, 0, 1, 0, 1, 1, 0, 1, 0, 1, 1, -1, 0, 1, 1, -1, 0, 0, -1, -1, 1, -1, -1, -1, -1, 0, -1, 0, -1, 1, 0, 1, 1, 0, -1",13.0,"-1, -1, 1, 0, 0, 1, -1, 0, 1, 1, 1, 0, 1, 0, 1, 0, -1, 0, 1, 1, 0, 1, 0, 0, 1, 1, 0, 0, -1, 1, 1, -1, 0, -1, 1, 1, -1, -1, 1, 1, -1, 0, 1, 1, -1, -1, -1, -1, -1, -1, -1, 0, -1, 0, 1, -1, -1, 0, 1, 0, -1, 0, -1, 0, -1, 0, 0, 1, -1, -1, 0, 1, -1, 1, 0, 0, -1, 1, 0, 0, -1, 0, 1, 1, 0, -1, 1, -1, 0, 1, -1, 1, -1, 1, 1, 0, 1, -1, 0, 0, 1, 1, -1, 1, -1, -1, -1, 1, 1, -1, -1, 0, 0, 1, 0, 0, 0, 0, 0, 0, -1, 1, -1, 0, -1, 0, 1, 0, 0, -1, 1, 0, -1, -1, 1, -1, 0, -1, 0, 1, 1, 1, 1, 1, -1, 0, 0, 1, -1, -1, -1, -1, 0, 1, -1, 1, 1, 1, 0, -1, -1, 1, -1, -1, 0, 0, 0, 0, 0, 1, -1, 1, 1, -1, -1, 0, 1, 0, -1, -1, -1, 1, 0, 1, 1, 0, 0, 1, -1, 1, -1, 1, 0, 0, 1, 1, -1, 0, 1, -1, 1, 0, 1, 0, 0, 0, 0, 1, 0, -1, 1, 0, 1, -1, 0, -1, -1, -1, -1, 0, 0, 1, 0, 1, 1, 0, 1, 0, 1, 1, -1, 0, 1, 1, -1, 0, 0, -1, -1, 1, -1, -1, -1, -1, 0, -1, 0, -1, 1, 0, 1, 1, 0, -1",13.0,48,48,107948.81936216354
"0, 1, 0, -1, -1, -1, 1, -1, -1, 1, 0, -1, 1, 1, -1, -1, 1, -1, 1, 1, 0, 0, 1, 0, 0, 1, -1, 1, 1, 0, 0, 1, 1, 0, 1, 0, -1, -1, 0, -1, 1, 1, -1, -1, 1, -1, 1, -1, 0, 1, -1, 1, -1, 1, 1, 0, -1, 0, 0, 1, 1, 1, 0, 0, 1, 0, 0, 0, 0, -1, -1, 1, 1, -1, -1, -1, 1, 0, 1, -1, -1, 1, -1, 0, 0, -1, 0, -1, 1, 0, -1, -1, 0, -1, 0, 0, -1, 0, 0, 0, 1, 0, -1, 1, 0, 0, -1, 1, 0, -1, -1, -1, 0, -1, 0, 1, 1, 1, -1, 1, -1, 0, 0, 0, 1, 1, 1","1, 0, -1, -1, 0, 1, -1, 0, 1, -1, -1, 1, -1, 1, 1, 1, 1, 1, 1, -1, 0, -1, 0, 1, -1, 0, 1, 0, 0, 0, -1, -1, -1, 1, 1, -1, 1, 1, -1, -1, 0, 1, -1, 0, 1, 1, 1, 0, 0, 1, -1, 0, -1, 0, 0, 1, 1, 1, 0, 0, 0, 1, -1, 0, 0, 0, 0, -1, -1, 1, 1, 0, -1, 1, 1, 0, -1, -1, -1, 0, 1, 1, -1, -1, -1, -1, -1, 0, 1, 0, 1, 1, -1, -1, -1, -1, 0, -1, 1, 1, 0, -1, 1, -1, 0, -1, -1, 1, 0, 0, -1, 1, 0, 0, 0, 0, 1, 1, 0, 0, -1, 0, 0, 1, 0, 0, -1",13.0,"370, 443, 156, 51, 49, 338, 320, 152, 451, 119, 463, 207, 66, 430, 260, 464, 441, 245, 215, 353, 343, 334, 86, 462, 112, 343, 205, 131, 122, 119, 426, 208, 112, 488, 493, 287, 26, 21, 208, 321, 124, 250, 146, 387, 348, 186, 139, 360, 489, 450, 453, 157, 451, 372, 220, 62, 281, 88, 421, 179, 334, 282, 107, 317, 338, 146, 80, 342, 433, 297, 292, 395, 293, 150, 45, 379, 112, 361, 220, 389, 492, 64, 261, 315, 71, 257, 372, 156, 264, 25, 392, 315, 186, 196, 208, 89, 500, 410, 450, 404, 263, 418, 177, 126, 504, 334, 151, 436, 63, 47, 176, 413, 225, 41, 207, 10, 91, 505, 336, 72, 116, 92, 32, 289, 119, 384, 399","0, 0, 0, -1, 1, 0, 0, 0, 0, 1, 1, -1, -1, 0, 1, -1, -1, 0, 1, 1, 1, 0, -1, -1, 1, 1, 1, 1, 1, 0, -1, 0, -1, -1, 1, 1, 1, 1, 0, 1, -1, -1, 0, 1, -1, 1, 0, 1, 1, -1, 0, 0, 1, -1, 0, 0, 0, 0, -1, -1, 0, 0, 1, 0, 0, -1, 0, 0, 1, -1, 0, 1, 1, 0, -1, 1, 0, -1, 1, 1, -1, 1, -1, -1, -1, -1, -1, -1, 1, 0, 1, 0, -1, 1, 0, -1, 0, 0, 0, 1, 1, 1, -1, -1, 1, -1, -1, 1, 1, 0, -1, 1, 0, -1, -1, -1, 0, 0, -1, 1, 0, 1, 0, 0, -1, -1, -1, 0, -1, -1, -1, 0, 0, -1, 0, 0, 0, 0, 1, 1, -1, -1, 1, 1, 1, -1, 0, -1, 1, 1, -1, 1, 0, 0, 1, 0, 1, -1, 0, 1, 1, 0, 1, 0, 0, 1, 0, 0, 0, -1, 0, 1, -1, 0, 0, 1, -1, 0, 1, 1, 1, 0, 1, 0, -1, -1, -1, 1, -1, 1, 0, 0, 0, -1, -1, -1, 0, -1, 0, 1, 1, 1, -1, 1, 1, -1, 0, 1, -1, -1, 1, 1, -1, 1, -1, -1, 0, 0, -1, 0, 0, -1, 1, -1, -1, 0, 0, -1, -1, 0, -1, 0, 1, 1, 0, 1, -1, -1, 1, 1, -1, 1, -1, 1, 0, -1, 1, -1, 1, -1, -1, 0, 1, 0",13.0,"0, 0, 0, -1, 1, 0, 0, 0, 0, 1, 1, -1, -1, 0, 1, -1, -1, 0, 1, 1, 1, 0, -1, -1, 1, 1, 1, 1, 1, 0, -1, 0, -1, -1, 1, 1, 1, 1, 0, 1, -1, -1, 0, 1, -1, 1, 0, 1, 1, -1, 0, 0, 1, -1, 0, 0, 0, 0, -1, -1, 0, 0, 1, 0, 0, -1, 0, 0, 1, -1, 0, 1, 1, 0, -1, 1, 0, -1, 1, 1, -1, 1, -1, -1, -1, -1, -1, -1, 1, 0, 1, 0, -1, 1, 0, -1, 0, 0, 0, 1, 1, 1, -1, -1, 1, -1, -1, 1, 1, 0, -1, 1, 0, -1, -1, -1, 0, 0, -1, 1, 0, 1, 0, 0, -1, -1, -1, 0, -1, -1, -1, 0, 0, -1, 0, 0, 0, 0, 1, 1, -1, -1, 1, 1, 1, -1, 0, -1, 1, 1, -1, 1, 0, 0, 1, 0, 1, -1, 0, 1, 1, 0, 1, 0, 0, 1, 0, 0, 0, -1, 0, 1, -1, 0, 0, 1, -1, 0, 1, 1, 1, 0, 1, 0, -1, -1, -1, 1, -1, 1, 0, 0, 0, -1, -1, -1, 0, -1, 0, 1, 1, 1, -1, 1, 1, -1, 0, 1, -1, -1, 1, 1, -1, 1, -1, -1, 0, 0, -1, 0, 0, -1, 1, -1, -1, 0, 0, -1, -1, 0, -1, 0, 1, 1, 0, 1, -1, -1, 1, 1, -1, 1, -1, 1, 0, -1, 1, -1, 1, -1, -1, 0, 1, 0",13.0,51,51,258521.39493751526
"1, 1, 1, 1, 0, 1, 0, -1, 1, 1, 0, 0, -1, 0, 1, 0, -1, 1, 0, -1, -1, 0, 0, 1, -1, 0, 1, 1, 0, 0, 0, -1, 0, 0, -1, 0, -1, 0, -1, -1, 1, 1, 1, -1, 0, -1, 1, -1, -1, 1, 1, -1, -1, -1, 1, -1, -1, -1, 0, 0, 0, 1, -1, 1, 1, 0, -1, 1, -1, -1, 1, 0, 0, 1, 1, 1, 0, 1, -1, -1, 0, 1, -1, -1, -1, -1, 0, 1, 0, 0, -1, 1, -1, 1, 1, 1, -1, 0, 0, -1, -1, 0, 0, 1, 0, -1, 1, -1, 0, -1, 0, 1, 0, 1, -1, -1, 0, 0, 0, 1, -1, 1, 1, 0, 1, 1, 0","0, 1, 0, 0, -1, 1, -1, 1, 0, -1, -1, -1, -1, 0, 0, -1, 0, -1, -1, 1, -1, -1, -1, 1, -1, 1, 0, 0, 1, 0, -1, 1, 1, -1, -1, -1, -1, -1, 1, 0, 0, 0, 0, -1, -1, 1, 1, 0, 1, 0, 1, -1, -1, 1, -1, 0, -1, -1, 0, 0, 1, 0, 1, 1, -1, -1, 0, 1, 0, -1, 0, 1, 1, 1, 0, -1, 1, 0, 1, 1, 1, 0, -1, 1, 1, 1, -1, 0, 0, 0, 0, 1, 0, -1, -1, 1, -1, 1, -1, 1, -1, 0, 0, 1, 0, 1, -1, 1, 0, -1, 1, 0, 0, -1, 1, 1, 0, -1, -1, 1, 0, 1, 0, 1, 0, 0, 0",13.0,"239, 275, 376, 458, 331, 182, 147, 165, 450, 348, 496, 286, 55, 464, 252, 497, 342, 429, 450, 255, 290, 436, 498, 314, 59, 349, 236, 11, 317, 78, 25, 332, 20, 235, 328, 348, 36, 257, 387, 228, 408, 16, 2, 348, 146, 372, 125, 154, 47, 209, 496, 129, 474, 177, 195, 217, 210, 503, 332, 485, 88, 109, 224, 486, 259, 119, 404, 124, 392, 307, 278, 281, 306, 158, 416, 236, 458, 395, 129, 212, 92, 103, 17, 77, 180, 178, 72, 163, 459, 250, 401, 241, 4, 152, 137, 407, 373, 76, 107, 361, 422, 272, 426, 281, 381, 327, 158, 297, 441, 104, 2, 229, 392, 297, 172, 247, 40, 130, 262, 227, 141, 154, 414, 78, 309, 469, 27","1, -1, 1, 0, -1, -1, -1, -1, 0, 0, -1, 0, -1, -1, 1, -1, -1, -1, 1, -1, 1, 0, 0, 1, 0, -1, 1, 1, -1, -1, -1, -1, -1, 1, 0, 0, 0, 0, -1, -1, 1, 1, 0, 1, 0, 1, -1, -1, 1, -1, 0, -1, -1, 0, 0, 1, 0, 1, 1, -1, -1, 0, 1, 0, -1, 0, 1, 1, 1, 0, -1, 1, 0, 1, 1, 1, 0, -1, 1, 1, 1, -1, 0, 0, 0, 0, 1, 0, -1, -1, 1, -1, 1, -1, 1, -1, 0, 0, 1, 0, 1, -1, 1, 0, -1, 1, 0, 0, -1, 1, 1, 0, -1, -1, 1, 0, 1, 0, 1, 0, 0, 0, 0, 1, 0, 0, -1, 1, 0, -1, 1, 1, 0, 0, -1, 0, 1, 0, -1, 1, 0, -1, -1, 0, 0, 1, -1, 0, 1, 1, 0, 0, 0, -1, 0, 0, -1, 0, -1, 0, -1, -1, 1, 1, 1, -1, 0, -1, 1, -1, -1, 1, 1, -1, -1, -1, 1, -1, -1, -1, 0, 0, 0, 1, -1, 1, 1, 0, -1, 1, -1, -1, 1, 0, 0, 1, 1, 1, 0, 1, -1, -1, 0, 1, -1, -1, -1, -1, 0, 1, 0, 0, -1, 1, -1, 1, 1, 1, -1, 0, 0, -1, -1, 0, 0, 1, 0, -1, 1, -1, 0, -1, 0, 1, 0, 1, -1, -1, 0, 0, 0, 1, -1, 1, 1, 0, 1, 1, 0, 1, 1, 1, 1, 0",13.0,"1, -1, 1, 0, -1, -1, -1, -1, 0, 0, -1, 0, -1, -1, 1, -1, -1, -1, 1, -1, 1, 0, 0, 1, 0, -1, 1, 1, -1, -1, -1, -1, -1, 1, 0, 0, 0, 0, -1, -1, 1, 1, 0, 1, 0, 1, -1, -1, 1, -1, 0, -1, -1, 0, 0, 1, 0, 1, 1, -1, -1, 0, 1, 0, -1, 0, 1, 1, 1, 0, -1, 1, 0, 1, 1, 1, 0, -1, 1, 1, 1, -1, 0, 0, 0, 0, 1, 0, -1, -1, 1, -1, 1, -1, 1, -1, 0, 0, 1, 0, 1, -1, 1, 0, -1, 1, 0, 0, -1, 1, 1, 0, -1, -1, 1, 0, 1, 0, 1, 0, 0, 0, 0, 1, 0, 0, -1, 1, 0, -1, 1, 1, 0, 0, -1, 0, 1, 0, -1, 1, 0, -1, -1, 0, 0, 1, -1, 0, 1, 1, 0, 0, 0, -1, 0, 0, -1, 0, -1, 0, -1, -1, 1, 1, 1, -1, 0, -1, 1, -1, -1, 1, 1, -1, -1, -1, 1, -1, -1, -1, 0, 0, 0, 1, -1, 1, 1, 0, -1, 1, -1, -1, 1, 0, 0, 1, 1, 1, 0, 1, -1, -1, 0, 1, -1, -1, -1, -1, 0, 1, 0, 0, -1, 1, -1, 1, 1, 1, -1, 0, 0, -1, -1, 0, 0, 1, 0, -1, 1, -1, 0, -1, 0, 1, 0, 1, -1, -1, 0, 0, 0, 1, -1, 1, 1, 0, 1, 1, 0, 1, 1, 1, 1, 0",13.0,55,55,590124.3191895485
"0, 0, 0, -1, -1, 0, 1, -1, 0, -1, 1, -1, 1, -1, 1, 1, 0, -1, -1, -1, 0, 1, 1, 1, -1, 0, 0, -1, 1, -1, -1, 1, -1, 0, -1, 0, -1, 1, -1, 0, 0, 0, 1, 0, -1, 0, 1, 0, 1, -1, 1, 0, -1, -1, -1, 1, 1, 0, 0, 1, 1, -1, 0, 0, 0, 0, -1, 0, 1, -1, 1, 0, 1, 0, -1, 0, -1, -1, -1, -1, 1, 1, -1, 0, -1, 0, 0, 0, -1, 1, 0, -1, -1, 0, 1, 1, 1, -1, 1, 1, 0, 1, 1, -1, 1, 0, 0, 1, 1, 1, 0, 1, 0, -1, 0, -1, 0, -1, 1, 1, 1, -1, 1, 0, 1, -1, 1","1, 0, 1, 0, -1, -1, -1, 1, 1, 1, 1, 0, 0, -1, 0, -1, 1, 1, -1, -1, 1, -1, 1, -1, 1, -1, -1, 0, 1, -1, -1, 0, 0, 1, 1, 0, 1, -1, 1, 1, -1, 1, -1, 0, 0, -1, 1, 0, 1, 1, 1, 0, 1, -1, 0, -1, 0, 1, -1, 1, 0, -1, -1, -1, 0, 1, -1, 0, 0, 0, -1, 1, 0, 0, -1, 0, 0, 0, -1, 1, 1, 0, -1, 0, 1, 0, 0, 0, 0, 1, 0, -1, 0, -1, -1, 0, 1, -1, 1, -1, 1, 1, -1, 1, 1, 0, 1, 0, 0, 0, 0, -1, -1, -1, 0, 0, -1, -1, 1, 1, -1, 0, 0, -1, -1, 1, 1",13.0,"255, 362, 322, 104, 115, 473, 150, 161, 211, 324, 204, 100, 244, 28, 185, 247, 372, 118, 151, 450, 246, 321, 496, 12, 269, 335, 354, 271, 265, 455, 134, 150, 158, 49, 455, 242, 210, 193, 511, 398, 165, 186, 223, 34, 322, 39, 480, 509, 101, 104, 225, 456, 21, 440, 468, 504, 303, 418, 250, 65, 267, 97, 411, 342, 461, 107, 178, 210, 217, 427, 333, 231, 96, 391, 428, 216, 148, 459, 28, 61, 182, 65, 181, 239, 376, 222, 388, 122, 43, 2, 243, 223, 347, 249, 495, 181, 360, 257, 482, 40, 32, 487, 393, 156, 257, 231, 10, 152, 375, 374, 398, 286, 348, 329, 37, 370, 148, 365, 86, 288, 227, 141, 334, 500, 14, 64, 124","0, 0, 1, 0, 0, 0, 1, -1, -1, 0, 1, 0, -1, 0, 0, 0, 0, -1, 0, 1, 0, 1, 1, 0, -1, 1, -1, 1, -1, -1, 1, -1, -1, 0, -1, 0, 0, 0, 0, 1, 1, 1, 0, 0, 1, 1, -1, -1, 1, 0, 0, 1, 1, -1, -1, -1, 0, -1, 0, 1, 1, 1, -1, -1, -1, -1, 0, 0, 1, 0, 1, -1, -1, 1, 1, -1, 1, -1, 1, -1, 1, 1, 0, -1, 1, 1, 0, 0, -1, -1, 0, -1, 1, -1, -1, 1, -1, 1, 0, 0, 1, -1, 0, -1, -1, -1, 0, -1, 1, 0, 1, 0, -1, 1, -1, 0, 1, 1, 1, 0, -1, 1, 0, 0, 0, 1, -1, -1, 0, 1, 0, 1, 1, 1, 1, -1, -1, 1, 0, 1, 0, 0, 0, 1, -1, 0, 1, 1, 0, -1, -1, -1, 1, -1, -1, 0, -1, -1, 1, -1, 0, 0, -1, -1, -1, 0, -1, 0, 1, 0, 1, 0, 1, -1, -1, -1, 1, -1, 0, -1, 1, -1, 0, 0, 0, 1, 1, 0, -1, 1, 0, 1, -1, 1, -1, 1, -1, -1, 0, 1, 1, 1, 0, -1, -1, -1, 1, 0, 0, 1, -1, 1, 1, -1, 1, 0, 1, 0, 1, -1, 1, 0, 0, 0, -1, 0, 1, 0, -1, 0, -1, 1, -1, 0, 1, 1, 1, -1, -1, 0, 0, -1, -1, 1, 0, 0, 0, 0, 1, 0, -1, 1, -1, 0",13.0,"0, 0, 1, 0, 0, 0, 1, -1, -1, 0, 1, 0, -1, 0, 0, 0, 0, -1, 0, 1, 0, 1, 1, 0, -1, 1, -1, 1, -1, -1, 1, -1, -1, 0, -1, 0, 0, 0, 0, 1, 1, 1, 0, 0, 1, 1, -1, -1, 1, 0, 0, 1, 1, -1, -1, -1, 0, -1, 0, 1, 1, 1, -1, -1, -1, -1, 0, 0, 1, 0, 1, -1, -1, 1, 1, -1, 1, -1, 1, -1, 1, 1, 0, -1, 1, 1, 0, 0, -1, -1, 0, -1, 1, -1, -1, 1, -1, 1, 0, 0, 1, -1, 0, -1, -1, -1, 0, -1, 1, 0, 1, 0, -1, 1, -1, 0, 1, 1, 1, 0, -1, 1, 0, 0, 0, 1, -1, -1, 0, 1, 0, 1, 1, 1, 1, -1, -1, 1, 0, 1, 0, 0, 0, 1, -1, 0, 1, 1, 0, -1, -1, -1, 1, -1, -1, 0, -1, -1, 1, -1, 0, 0, -1, -1, -1, 0, -1, 0, 1, 0, 1, 0, 1, -1, -1, -1, 1, -1, 0, -1, 1, -1, 0, 0, 0, 1, 1, 0, -1, 1, 0, 1, -1, 1, -1, 1, -1, -1, 0, 1, 1, 1, 0, -1, -1, -1, 1, 0, 0, 1, -1, 1, 1, -1, 1, 0, 1, 0, 1, -1, 1, 0, 0, 0, -1, 0, 1, 0, -1, 0, -1, 1, -1, 0, 1, 1, 1, -1, -1, 0, 0, -1, -1, 1, 0, 0, 0, 0, 1, 0, -1, 1, -1, 0",13.0,48,48,111044.8540570736
"1, 0, 0, 1, 0, -1, 0, 0, 0, -1, 0, 1, -1, 1, 0, 1, 0, 0, -1, 0, 0, 0, -1, 1, 1, 0, 1, 0, -1, 0, -1, -1, 1, -1, 1, 0, 0, 0, -1, 0, 1, -1, 1, 1, -1, 0, -1, 0, -1, 0, 1, 0, -1, 1, 0, -1, 1, 1, -1, -1, 1, 0, -1, 0, -1, 1, -1, 0, 1, 1, -1, 0, -1, -1, 1, 1, -1, 1, -1, 1, 0, 0, -1, 0, 1, -1, 1, 0, 0, -1, -1, -1, 1, -1, 1, -1, 0, 1, -1, 0, 1, 0, 0, 1, -1, -1, 1, -1, 1, 1, -1, -1, -1, 0, 0, -1, 1, 1, 1, 1, 1, -1, 1, 0, 1, 0, 1","-1, -1, -1, 0, -1, 0, -1, -1, 1, -1, 0, 0, 0, 1, 1, -1, -1, 0, 1, 1, -1, 1, 1, 1, -1, 0, -1, 0, -1, -1, 1, 1, 0, -1, 1, 1, 0, -1, 1, -1, 0, 0, 1, 0, 0, -1, 1, 1, -1, 0, 1, 1, -1, 0, 1, 0, 0, 1, -1, 0, 1, 0, 0, 1, 1, 0, 1, 0, 1, -1, 0, 0, -1, -1, 1, 1, 0, 1, 0, 0, 0, 1, 1, 0, 1, 0, 1, 0, 0, 1, -1, -1, 1, -1, 1, 0, 0, 0, 1, -1, -1, 1, -1, 0, -1, 1, -1, 0, -1, -1, 0, -1, -1, -1, -1, -1, 0, 0, -1, 1, -1, -1, 0, 1, 1, 0, 1",13.0,"56, 371, 392, 116, 17, 93, 74, 382, 56, 503, 121, 313, 140, 18, 314, 75, 24, 161, 463, 83, 449, 27, 124, 233, 166, 77, 429, 352, 35, 379, 424, 24, 393, 49, 55, 33, 6, 93, 393, 321, 410, 313, 268, 481, 349, 219, 63, 442, 103, 195, 163, 162, 6, 409, 10, 162, 281, 206, 263, 53, 413, 15, 108, 35, 484, 290, 245, 240, 47, 377, 490, 300, 186, 201, 426, 350, 495, 8, 312, 461, 357, 293, 4, 176, 354, 285, 143, 464, 141, 461, 265, 474, 212, 222, 401, 107, 48, 235, 327, 12, 216, 474, 410, 138, 361, 57, 8, 335, 58, 239, 73, 207, 475, 60, 327, 480, 177, 263, 432, 483, 25, 261, 87, 433, 338, 506, 429","1, -1, 0, 0, -1, -1, 1, 1, 0, 1, 0, 0, 0, 1, 1, 0, 1, 0, 1, 0, 0, 1, -1, -1, 1, -1, 1, 0, 0, 0, 1, -1, -1, 1, -1, 0, -1, 1, -1, 0, -1, -1, 0, -1, -1, -1, -1, -1, 0, 0, -1, 1, -1, -1, 0, 1, 1, 0, 1, -1, -1, -1, 0, -1, 0, -1, -1, 1, -1, 0, 0, 0, 1, 1, -1, -1, 0, 1, 1, -1, 1, 1, 1, -1, 0, -1, 0, -1, -1, 1, 1, 0, -1, 1, 1, 0, -1, 1, -1, 0, 0, 1, 0, 0, -1, 1, 1, -1, 0, 1, 1, -1, 0, 1, 0, 0, 1, -1, 0, 1, 0, 0, 1, 1, 0, 1, 0, 1, 1, -1, 0, -1, -1, 1, 1, -1, 1, -1, 1, 0, 0, -1, 0, 1, -1, 1, 0, 0, -1, -1, -1, 1, -1, 1, -1, 0, 1, -1, 0, 1, 0, 0, 1, -1, -1, 1, -1, 1, 1, -1, -1, -1, 0, 0, -1, 1, 1, 1, 1, 1, -1, 1, 0, 1, 0, 1, 1, 0, 0, 1, 0, -1, 0, 0, 0, -1, 0, 1, -1, 1, 0, 1, 0, 0, -1, 0, 0, 0, -1, 1, 1, 0, 1, 0, -1, 0, -1, -1, 1, -1, 1, 0, 0, 0, -1, 0, 1, -1, 1, 1, -1, 0, -1, 0, -1, 0, 1, 0, -1, 1, 0, -1, 1, 1, -1, -1, 1, 0, -1, 0, -1, 1, -1, 0",13.0,"1, -1, 0, 0, -1, -1, 1, 1, 0, 1, 0, 0, 0, 1, 1, 0, 1, 0, 1, 0, 0, 1, -1, -1, 1, -1, 1, 0, 0, 0, 1, -1, -1, 1, -1, 0, -1, 1, -1, 0, -1, -1, 0, -1, -1, -1, -1, -1, 0, 0, -1, 1, -1, -1, 0, 1, 1, 0, 1, -1, -1, -1, 0, -1, 0, -1, -1, 1, -1, 0, 0, 0, 1, 1, -1, -1, 0, 1, 1, -1, 1, 1, 1, -1, 0, -1, 0, -1, -1, 1, 1, 0, -1, 1, 1, 0, -1, 1, -1, 0, 0, 1, 0, 0, -1, 1, 1, -1, 0, 1, 1, -1, 0, 1, 0, 0, 1, -1, 0, 1, 0, 0, 1, 1, 0, 1, 0, 1, 1, -1, 0, -1, -1, 1, 1, -1, 1, -1, 1, 0, 0, -1, 0, 1, -1, 1, 0, 0, -1, -1, -1, 1, -1, 1, -1, 0, 1, -1, 0, 1, 0, 0, 1, -1, -1, 1, -1, 1, 1, -1, -1, -1, 0, 0, -1, 1, 1, 1, 1, 1, -1, 1, 0, 1, 0, 1, 1, 0, 0, 1, 0, -1, 0, 0, 0, -1, 0, 1, -1, 1, 0, 1, 0, 0, -1, 0, 0, 0, -1, 1, 1, 0, 1, 0, -1, 0, -1, -1, 1, -1, 1, 0, 0, 0, -1, 0, 1, -1, 1, 1, -1, 0, -1, 0, -1, 0, 1, 0, -1, 1, 0, -1, 1, 1, -1, -1, 1, 0, -1, 0, -1, 1, -1, 0",13.0,52,52,323387.5923666954
"0, -1, 0, -1, 0, 1, -1, -1, 1, -1, 0, 1, 0, 0, -1, 0, -1, -1, -1, 1, -1, 0, 0, -1, 0, -1, -1, 1, -1, 0, 0, 1, -1, 1, -1, 1, 0, 1, -1, 1, 0, -1, 1, 0, 1, 1, -1, -1, 0, -1, 0, 1, 0, 1, 1, -1, 0, -1, 1, 1, 1, -1, 1, -1, 0, 1, 0, -1, 0, -1, 1, 1, 0, -1, 0, -1, 0, 0, 0, -1, 0, 1, -1, -1, 0, 1, 0, 0, 0, 1, 0, 1, 0, 1, 1, -1, -1, 0, 1, 1, 1, 0, 0, 1, 1, -1, 0, 1, 1, -1, 1, 1, 1, 1, -1, -1, 1, -1, 0, -1, 1, 0, 1, 0, -1, 0, -1","-1, -1, 0, 0, 1, 1, 1, 1, -1, -1, 1, 1, 1, -1, 1, -1, 0, -1, -1, 0, 0, -1, 0, -1, 1, 0, -1, -1, 1, 0, -1, 0, 0, 1, -1, 0, -1, 1, 0, 0, 0, 1, 1, 1, 0, -1, 1, 0, 1, 0, 0, 1, 0, 0, 0, -1, 0, -1, 1, 0, -1, 1, 1, 0, 0, -1, 0, 0, 1, 1, 1, 1, -1, 0, 1, -1, -1, -1, 1, 1, -1, -1, 1, -1, 0, -1, -1, 0, -1, -1, -1, 0, -1, 0, 1, 0, 0, 0, 1, 0, -1, 0, 0, 1, -1, 1, 0, -1, 1, 0, -1, 1, 1, -1, 0, -1, 1, 1, 0, -1, -1, 1, -1, 1, 1, 1, 0",13.0,"509, 120, 451, 326, 326, 375, 318, 66, 139, 10, 457, 349, 283, 104, 19, 499, 429, 236, 19, 5, 362, 499, 65, 349, 173, 310, 441, 157, 52, 448, 65, 341, 294, 493, 419, 45, 461, 443, 407, 419, 383, 225, 293, 165, 57, 231, 371, 239, 385, 184, 476, 454, 381, 17, 64, 323, 79, 481, 282, 237, 161, 319, 207, 193, 351, 311, 486, 380, 317, 44, 221, 332, 277, 273, 418, 241, 176, 166, 249, 22, 92, 246, 51, 247, 48, 64, 375, 19, 85, 56, 207, 110, 510, 82, 170, 11, 294, 64, 93, 501, 254, 46, 297, 173, 473, 417, 86, 314, 74, 228, 24, 347, 71, 78, 190, 150, 460, 92, 137, 113, 388, 172, 399, 34, 144, 254, 226","0, 0, -1, -1, -1, -1, 1, 0, -1, 1, 1, 1, -1, -1, 1, 1, -1, 1, 0, 1, 1, 0, 1, 1, 1, 0, 1, 0, -1, 0, 0, 0, -1, 0, 1, 0, 0, -1, 1, -1, 0, 1, -1, 0, 1, -1, -1, 1, 0, 1, -1, -1, 0, 1, 1, -1, 1, -1, -1, -1, 0, 1, 1, 0, 0, -1, -1, -1, -1, 1, 1, -1, -1, -1, 1, -1, 1, 0, 1, 1, 0, 0, 1, 0, 1, -1, 0, 1, 1, -1, 0, 1, 0, 0, -1, 1, 0, 1, -1, 0, 0, 0, -1, -1, -1, 0, 1, -1, 0, -1, 0, 0, -1, 0, 0, 0, 1, 0, 1, -1, 0, 1, -1, -1, 0, 0, 1, 0, 1, 0, 1, -1, -1, 0, 1, 0, 1, 0, 0, 0, 1, 0, -1, 1, 1, 0, -1, 0, 0, 0, -1, 0, -1, 0, -1, -1, 1, 1, 0, -1, -1, -1, 0, 0, -1, -1, 1, 0, -1, -1, 1, -1, -1, -1, -1, 1, 1, -1, 1, 0, 1, -1, 0, -1, 0, 1, 0, 1, 0, 1, 0, 1, 0, -1, 1, 1, -1, 1, 0, -1, 0, 0, 1, 0, 1, 1, 1, -1, 1, 0, 0, 1, 0, 1, 1, -1, 1, 0, 0, -1, 1, -1, 1, -1, 0, -1, 1, -1, 0, 1, -1, 0, -1, -1, 1, 1, 0, 1, 0, -1, 0, -1, -1, 1, 0, 1, -1, -1, -1, 1, -1, 1, 0, -1",13.0,"0, 0, -1, -1, -1, -1, 1, 0, -1, 1, 1, 1, -1, -1, 1, 1, -1, 1, 0, 1, 1, 0, 1, 1, 1, 0, 1, 0, -1, 0, 0, 0, -1, 0, 1, 0, 0, -1, 1, -1, 0, 1, -1, 0, 1, -1, -1, 1, 0, 1, -1, -1, 0, 1, 1, -1, 1, -1, -1, -1, 0, 1, 1, 0, 0, -1, -1, -1, -1, 1, 1, -1, -1, -1, 1, -1, 1, 0, 1, 1, 0, 0, 1, 0, 1, -1, 0, 1, 1, -1, 0, 1, 0, 0, -1, 1, 0, 1, -1, 0, 0, 0, -1, -1, -1, 0, 1, -1, 0, -1, 0, 0, -1, 0, 0, 0, 1, 0, 1, -1, 0, 1, -1, -1, 0, 0, 1, 0, 1, 0, 1, -1, -1, 0, 1, 0, 1, 0, 0, 0, 1, 0, -1, 1, 1, 0, -1, 0, 0, 0, -1, 0, -1, 0, -1, -1, 1, 1, 0, -1, -1, -1, 0, 0, -1, -1, 1, 0, -1, -1, 1, -1, -1, -1, -1, 1, 1, -1, 1, 0, 1, -1, 0, -1, 0, 1, 0, 1, 0, 1, 0, 1, 0, -1, 1, 1, -1, 1, 0, -1, 0, 0, 1, 0, 1, 1, 1, -1, 1, 0, 0, 1, 0, 1, 1, -1, 1, 0, 0, -1, 1, -1, 1, -1, 0, -1, 1, -1, 0, 1, -1, 0, -1, -1, 1, 1, 0, 1, 0, -1, 0, -1, -1, 1, 0, 1, -1, -1, -1, 1, -1, 1, 0, -1",13.0,55,55,557770.5564432144
"-1, 0, -1, -1, 0, -1, -1, 0, 1, 1, 1, 1, 1, 0, 0, 1, 0, -1, 1, 1, 0, 1, 1, 0, 1, 1, 0, -1, 1, 0, 1, 1, -1, 0, -1, 0, 1, 0, -1, 1, 0, 0, 1, 0, -1, -1, 1, -1, 0, -1, 0, -1, 1, -1, 0, -1, 0, -1, -1, 0, 1, 1, 0, 1, -1, 1, 1, 1, 1, 0, -1, 0, 1, 1, -1, -1, -1, 1, -1, -1, -1, 1, -1, -1, -1, -1, 1, -1, 0, 0, 1, 0, 0, 1, 0, 0, 0, 0, -1, 1, -1, -1, -1, 0, -1, 1, 0, 0, 0, 1, 0, -1, 1, -1, -1, 1, 1, 0, 0, -1, 0, 1, 1, 0, -1, 0, 1","0, -1, 1, -1, -1, 0, 1, 1, -1, 0, 1, -1, -1, 0, 1, 0, -1, 0, 0, 1, -1, -1, 0, 0, 0, -1, 1, -1, 0, -1, 1, -1, 0, 1, 1, 1, 1, 0, 0, 1, -1, 0, 1, 1, 1, 1, 0, -1, 1, 0, 0, -1, 1, -1, 0, -1, 1, 1, 1, -1, 1, -1, -1, -1, 1, 0, 0, 1, 1, 1, -1, -1, -1, 1, -1, -1, 1, -1, 1, 0, 1, -1, 0, -1, -1, 0, 1, 1, 0, -1, -1, 1, 0, 0, 1, -1, 0, 1, 1, 0, 0, 0, -1, -1, -1, 0, -1, 0, 0, 1, 1, 0, 0, 1, -1, 0, 0, 0, 0, -1, 0, 1, -1, 0, 1, -1, 0",13.0,"202, 290, 288, 16, 487, 35, 319, 272, 91, 3, 364, 288, 372, 291, 105, 327, 251, 432, 34, 310, 436, 53, 267, 401, 126, 467, 241, 9, 105, 134, 396, 239, 437, 69, 76, 186, 494, 33, 481, 390, 249, 3, 305, 390, 176, 209, 108, 231, 299, 234, 408, 362, 182, 172, 109, 420, 153, 408, 158, 24, 446, 437, 81, 447, 313, 46, 511, 474, 175, 128, 104, 458, 113, 62, 328, 95, 505, 214, 79, 462, 8, 407, 422, 350, 467, 171, 189, 71, 38, 114, 223, 202, 497, 484, 422, 257, 256, 367, 139, 392, 245, 154, 461, 13, 495, 403, 463, 408, 174, 159, 211, 365, 496, 31, 70, 261, 250, 323, 8, 41, 318, 417, 159, 273, 407, 257, 23","0, 1, -1, 0, -1, -1, 0, 1, 1, 0, -1, -1, 1, 0, 0, 1, -1, 0, 1, 1, 0, 0, 0, -1, -1, -1, 0, -1, 0, 0, 1, 1, 0, 0, 1, -1, 0, 0, 0, 0, -1, 0, 1, -1, 0, 1, -1, 0, 0, -1, 1, -1, -1, 0, 1, 1, -1, 0, 1, -1, -1, 0, 1, 0, -1, 0, 0, 1, -1, -1, 0, 0, 0, -1, 1, -1, 0, -1, 1, -1, 0, 1, 1, 1, 1, 0, 0, 1, -1, 0, 1, 1, 1, 1, 0, -1, 1, 0, 0, -1, 1, -1, 0, -1, 1, 1, 1, -1, 1, -1, -1, -1, 1, 0, 0, 1, 1, 1, -1, -1, -1, 1, -1, -1, 1, -1, 1, -1, -1, 1, -1, -1, -1, -1, 1, -1, 0, 0, 1, 0, 0, 1, 0, 0, 0, 0, -1, 1, -1, -1, -1, 0, -1, 1, 0, 0, 0, 1, 0, -1, 1, -1, -1, 1, 1, 0, 0, -1, 0, 1, 1, 0, -1, 0, 1, -1, 0, -1, -1, 0, -1, -1, 0, 1, 1, 1, 1, 1, 0, 0, 1, 0, -1, 1, 1, 0, 1, 1, 0, 1, 1, 0, -1, 1, 0, 1, 1, -1, 0, -1, 0, 1, 0, -1, 1, 0, 0, 1, 0, -1, -1, 1, -1, 0, -1, 0, -1, 1, -1, 0, -1, 0, -1, -1, 0, 1, 1, 0, 1, -1, 1, 1, 1, 1, 0, -1, 0, 1, 1, -1, -1, -1, 1, -1",13.0,"0, 1, -1, 0, -1, -1, 0, 1, 1, 0, -1, -1, 1, 0, 0, 1, -1, 0, 1, 1, 0, 0, 0, -1, -1, -1, 0, -1, 0, 0, 1, 1, 0, 0, 1, -1, 0, 0, 0, 0, -1, 0, 1, -1, 0, 1, -1, 0, 0, -1, 1, -1, -1, 0, 1, 1, -1, 0, 1, -1, -1, 0, 1, 0, -1, 0, 0, 1, -1, -1, 0, 0, 0, -1, 1, -1, 0, -1, 1, -1, 0, 1, 1, 1, 1, 0, 0, 1, -1, 0, 1, 1, 1, 1, 0, -1, 1, 0, 0, -1, 1, -1, 0, -1, 1, 1, 1, -1, 1, -1, -1, -1, 1, 0, 0, 1, 1, 1, -1, -1, -1, 1, -1, -1, 1, -1, 1, -1, -1, 1, -1, -1, -1, -1, 1, -1, 0, 0, 1, 0, 0, 1, 0, 0, 0, 0, -1, 1, -1, -1, -1, 0, -1, 1, 0, 0, 0, 1, 0, -1, 1, -1, -1, 1, 1, 0, 0, -1, 0, 1, 1, 0, -1, 0, 1, -1, 0, -1, -1, 0, -1, -1, 0, 1, 1, 1, 1, 1, 0, 0, 1, 0, -1, 1, 1, 0, 1, 1, 0, 1, 1, 0, -1, 1, 0, 1, 1, -1, 0, -1, 0, 1, 0, -1, 1, 0, 0, 1, 0, -1, -1, 1, -1, 0, -1, 0, -1, 1, -1, 0, -1, 0, -1, -1, 0, 1, 1, 0, 1, -1, 1, 1, 1, 1, 0, -1, 0, 1, 1, -1, -1, -1, 1, -1",13.0,54,54,475866.5022928715
"0, 1, -1, 1, 0, 0, 0, 1, 0, 0, 0, 1, -1, 0, 0, 0, 1, 0, 1, 0, 1, 1, -1, 1, -1, 0, 0, 0, -1, 1, 0, 0, 0, -1, 1, 0, 1, -1, -1, 1, -1, -1, -1, 1, -1, 1, -1, -1, 1, 0, 1, 0, 0, 1, -1, -1, -1, -1, 1, -1, 1, 0, 0, 1, 0, 0, 0, -1, 1, 1, 0, 1, 0, 1, -1, 1, -1, 0, 1, -1, -1, -1, 0, 1, 1, 1, -1, 0, 0, 0, -1, 0, -1, 1, -1, -1, 0, 0, 0, 0, -1, -1, 1, 0, -1, 0, -1, -1, -1, -1, 1, 1, 1, 1, 1, -1, -1, -1, 1, 1, 0, 1, 1, -1, -1, 1, 1","-1, 1, 0, 1, 0, -1, 1, 1, 1, 0, -1, 0, -1, 0, 1, 0, 0, -1, 1, 0, -1, -1, 1, 0, -1, 1, -1, 0, -1, 1, 1, 1, 0, 1, -1, 1, 0, -1, 0, 0, 1, -1, 1, -1, -1, 1, 1, 0, 0, -1, -1, 0, -1, -1, 1, 0, 1, -1, 0, -1, 1, 1, 1, 1, 0, -1, -1, 0, 0, 1, -1, 1, 0, -1, 1, 0, 1, -1, 1, 1, -1, 0, 0, -1, 1, 0, -1, 1, -1, 1, 1, 1, 0, 0, 0, -1, 0, 0, 0, -1, 1, 0, 0, 1, -1, 0, 0, -1, -1, 0, 1, -1, 1, -1, 1, 0, -1, -1, -1, 0, -1, -1, 0, 0, 0, 1, 1",13.0,"485, 365, 390, 3, 280, 241, 443, 14, 115, 497, 271, 459, 122, 216, 159, 271, 210, 425, 373, 435, 12, 101, 508, 167, 409, 318, 487, 282, 474, 204, 326, 248, 285, 102, 39, 244, 188, 384, 399, 246, 296, 370, 251, 50, 259, 360, 385, 293, 240, 67, 420, 359, 326, 373, 119, 474, 410, 172, 282, 272, 473, 148, 73, 196, 184, 473, 411, 226, 476, 238, 439, 173, 57, 281, 506, 462, 88, 446, 206, 283, 411, 428, 349, 174, 67, 149, 103, 262, 308, 15, 426, 190, 303, 62, 284, 320, 443, 29, 479, 290, 53, 2, 401, 81, 451, 352, 196, 384, 474, 237, 307, 123, 362, 294, 301, 133, 448, 421, 353, 189, 296, 233, 442, 142, 135, 200, 412","1, -1, 0, 1, 0, 0, -1, 1, -1, 1, 1, -1, -1, 0, 0, 1, 1, 0, 1, 1, -1, 0, -1, 1, 0, 1, -1, -1, -1, -1, 0, 1, 1, 0, 0, -1, 1, -1, 0, 1, -1, 0, -1, 1, -1, -1, 1, 0, 0, 1, -1, 0, 1, -1, 1, -1, -1, -1, 0, 0, 0, 1, 0, 0, 0, 1, -1, 0, 0, -1, 1, 0, 0, 1, 1, 0, -1, 1, -1, 1, -1, 0, 1, 1, 1, 0, 1, 1, 0, 0, 0, -1, -1, 1, -1, 0, -1, 0, 1, -1, -1, -1, 0, 1, 0, 1, 0, -1, 0, 0, 1, -1, 0, 1, 1, -1, 0, 1, -1, 1, 0, 1, -1, -1, -1, 0, -1, -1, 0, -1, 1, 1, -1, 1, 1, 1, -1, 1, -1, 1, 1, -1, 0, -1, 0, 0, -1, 1, 1, 1, 1, -1, 1, -1, 0, 0, -1, 0, 0, 0, 1, -1, -1, 0, -1, 0, -1, 1, -1, 1, 0, -1, 1, 1, 1, 0, -1, -1, -1, 1, 0, 0, 0, 1, 0, 1, -1, 1, 1, 0, 0, 0, 0, 1, 1, -1, 0, 1, 0, 1, 1, 1, 1, -1, -1, -1, -1, -1, 1, 1, 1, -1, -1, 0, -1, -1, 1, 1, -1, -1, 0, -1, 1, -1, 0, 0, 0, -1, 0, 0, 0, -1, 1, 0, 0, 0, -1, 0, -1, 0, -1, -1, 1, -1, 1, 0, 0, 0, 1, -1, 0, 0, 0, 1",13.0,"1, -1, 0, 1, 0, 0, -1, 1, -1, 1, 1, -1, -1, 0, 0, 1, 1, 0, 1, 1, -1, 0, -1, 1, 0, 1, -1, -1, -1, -1, 0, 1, 1, 0, 0, -1, 1, -1, 0, 1, -1, 0, -1, 1, -1, -1, 1, 0, 0, 1, -1, 0, 1, -1, 1, -1, -1, -1, 0, 0, 0, 1, 0, 0, 0, 1, -1, 0, 0, -1, 1, 0, 0, 1, 1, 0, -1, 1, -1, 1, -1, 0, 1, 1, 1, 0, 1, 1, 0, 0, 0, -1, -1, 1, -1, 0, -1, 0, 1, -1, -1, -1, 0, 1, 0, 1, 0, -1, 0, 0, 1, -1, 0, 1, 1, -1, 0, 1, -1, 1, 0, 1, -1, -1, -1, 0, -1, -1, 0, -1, 1, 1, -1, 1, 1, 1, -1, 1, -1, 1, 1, -1, 0, -1, 0, 0, -1, 1, 1, 1, 1, -1, 1, -1, 0, 0, -1, 0, 0, 0, 1, -1, -1, 0, -1, 0, -1, 1, -1, 1, 0, -1, 1, 1, 1, 0, -1, -1, -1, 1, 0, 0, 0, 1, 0, 1, -1, 1, 1, 0, 0, 0, 0, 1, 1, -1, 0, 1, 0, 1, 1, 1, 1, -1, -1, -1, -1, -1, 1, 1, 1, -1, -1, 0, -1, -1, 1, 1, -1, -1, 0, -1, 1, -1, 0, 0, 0, -1, 0, 0, 0, -1, 1, 0, 0, 0, -1, 0, -1, 0, -1, -1, 1, -1, 1, 0, 0, 0, 1, -1, 0, 0, 0, 1",13.0,52,52,313082.88600206375
"-1, 0, 1, 0, -1, -1, 1, 1, 1, -1, -1, 0, -1, 0, 0, -1, 0, -1, -1, 1, -1, -1, 1, 0, -1, -1, 0, -1, -1, -1, 1, -1, 1, -1, 1, -1, 0, 1, 0, 0, -1, -1, -1, 1, 1, 1, 0, 1, 1, 0, 0, 1, -1, 1, 0, 0, 1, 0, 1, -1, 0, 0, 1, 0, -1, -1, 1, 1, 1, -1, -1, 1, -1, 0, 0, 1, -1, 1, 1, 1, 0, 0, -1, 1, -1, 1, -1, 0, 1, 1, 1, 1, 0, 0, -1, 1, -1, 1, 0, 0, 0, 0, -1, 1, 0, -1, 1, 0, 0, 1, -1, -1, 0, 1, 0, 1, -1, -1, 0, 1, 0, 0, 0, 0, 1, 0, -1","-1, 0, -1, 0, -1, -1, 1, 0, -1, -1, 0, 0, 1, 1, -1, 1, 1, -1, 1, 1, -1, 1, -1, 0, 0, 0, -1, 0, 1, 1, -1, 1, 1, -1, -1, 0, 0, 0, -1, 1, 0, 1, 1, 0, 0, 0, 0, 0, -1, 0, 0, 1, -1, 0, -1, -1, 0, -1, 1, 0, 1, -1, 0, 0, -1, 1, 0, 1, 0, 1, -1, -1, -1, 1, 0, -1, 1, -1, 0, 0, -1, 1, 0, 0, 0, 0, -1, 1, -1, 0, 1, -1, -1, 1, -1, 1, -1, 0, 1, 1, 0, 1, 1, 0, -1, 1, 0, 1, 0, 0, 1, 0, 1, -1, 1, -1, -1, -1, -1, -1, 1, -1, 1, 1, 1, 1, 0",13.0,"272, 45, 331, 191, 259, 119, 225, 42, 201, 297, 296, 270, 457, 72, 103, 194, 371, 496, 157, 447, 447, 165, 221, 61, 428, 440, 352, 433, 222, 258, 426, 227, 478, 282, 225, 405, 467, 47, 77, 133, 357, 394, 59, 462, 414, 490, 202, 409, 471, 354, 290, 165, 181, 92, 84, 112, 314, 315, 469, 487, 223, 80, 61, 123, 500, 175, 66, 11, 285, 334, 500, 172, 387, 9, 449, 182, 495, 270, 431, 265, 251, 213, 347, 151, 451, 13, 408, 296, 102, 293, 98, 427, 29, 436, 308, 165, 425, 357, 142, 291, 98, 174, 62, 244, 88, 301, 119, 175, 431, 364, 228, 486, 88, 349, 389, 109, 232, 405, 310, 498, 149, 336, 57, 99, 146, 231, 131","-1, -1, 1, -1, -1, 1, 1, 0, 0, 0, 1, -1, 0, -1, -1, 0, 0, 0, 0, 0, 1, 0, 0, -1, 1, 0, 1, 1, 0, 1, -1, 0, -1, 1, 0, 0, 1, -1, 0, -1, 0, -1, 1, 1, 1, -1, 0, 1, -1, 1, 0, 0, 1, -1, 0, 0, 0, 0, 1, -1, 1, 0, -1, 1, 1, -1, 1, -1, 1, 0, -1, -1, 0, -1, -1, 0, 1, -1, 0, -1, 0, 0, -1, 0, -1, 1, -1, 1, 1, 1, 1, 1, -1, 1, -1, -1, -1, -1, 0, 1, 0, 1, 0, 1, 1, -1, 0, 1, 1, 0, 0, -1, -1, 1, -1, -1, 1, -1, -1, 1, -1, 1, 0, 0, 0, 1, 0, 1, 1, -1, 1, -1, 1, -1, 1, 0, -1, 0, 0, 1, 1, 1, -1, -1, -1, 0, -1, -1, 0, 0, -1, 1, -1, 0, 0, -1, 0, -1, 1, 0, 0, -1, 0, 1, 1, -1, -1, -1, 1, 1, -1, 1, 0, 0, -1, 1, -1, -1, -1, 0, 0, 1, -1, 1, -1, 1, 0, -1, -1, -1, -1, 0, 0, 1, -1, 1, -1, 0, 0, 0, 0, 1, -1, 0, 1, -1, 0, 0, -1, 1, 1, 0, -1, 0, -1, 1, 1, 0, -1, 0, 0, 0, 0, -1, 0, 1, 1, 0, -1, 0, 1, 1, -1, -1, -1, 1, 1, 0, 1, 0, 0, 1, 0, 1, 1, -1, 1, 1, -1, 0, 1, 1, 0, 1",13.0,"-1, -1, 1, -1, -1, 1, 1, 0, 0, 0, 1, -1, 0, -1, -1, 0, 0, 0, 0, 0, 1, 0, 0, -1, 1, 0, 1, 1, 0, 1, -1, 0, -1, 1, 0, 0, 1, -1, 0, -1, 0, -1, 1, 1, 1, -1, 0, 1, -1, 1, 0, 0, 1, -1, 0, 0, 0, 0, 1, -1, 1, 0, -1, 1, 1, -1, 1, -1, 1, 0, -1, -1, 0, -1, -1, 0, 1, -1, 0, -1, 0, 0, -1, 0, -1, 1, -1, 1, 1, 1, 1, 1, -1, 1, -1, -1, -1, -1, 0, 1, 0, 1, 0, 1, 1, -1, 0, 1, 1, 0, 0, -1, -1, 1, -1, -1, 1, -1, -1, 1, -1, 1, 0, 0, 0, 1, 0, 1, 1, -1, 1, -1, 1, -1, 1, 0, -1, 0, 0, 1, 1, 1, -1, -1, -1, 0, -1, -1, 0, 0, -1, 1, -1, 0, 0, -1, 0, -1, 1, 0, 0, -1, 0, 1, 1, -1, -1, -1, 1, 1, -1, 1, 0, 0, -1, 1, -1, -1, -1, 0, 0, 1, -1, 1, -1, 1, 0, -1, -1, -1, -1, 0, 0, 1, -1, 1, -1, 0, 0, 0, 0, 1, -1, 0, 1, -1, 0, 0, -1, 1, 1, 0, -1, 0, -1, 1, 1, 0, -1, 0, 0, 0, 0, -1, 0, 1, 1, 0, -1, 0, 1, 1, -1, -1, -1, 1, 1, 0, 1, 0, 0, 1, 0, 1, 1, -1, 1, 1, -1, 0, 1, 1, 0, 1",13.0,52,52,301289.66522812843
"0, 1, 1, 1, -1, 1, 0, 0, 1, 0, 1, -1, -1, 0, 1, -1, 1, 0, 1, -1, 0, 0, -1, 1, 0, -1, 1, 0, 1, 0, -1, -1, -1, 0, 1, -1, 0, 0, 1, -1, 0, -1, 0, 1, 0, 0, 0, -1, -1, -1, 0, 1, -1, -1, -1, 1, -1, 0, -1, 0, -1, -1, 1, 0, -1, -1, 0, 0, 1, 1, 1, 1, 1, -1, 0, 0, 1, 0, 1, 0, -1, 1, 1, -1, 1, 1, 1, -1, 0, 0, 0, 1, 0, -1, -1, -1, 1, 1, 0, 1, 1, 0, -1, 0, 0, 1, -1, 1, 0, 1, -1, 1, -1, 0, -1, -1, 1, -1, 1, -1, -1, 0, 1, 0, -1, 1, 0","0, 0, 1, 0, 0, -1, 0, 1, -1, -1, -1, 0, 0, -1, 0, 1, 1, 1, 0, 1, -1, 1, -1, 0, -1, -1, 1, -1, 1, -1, -1, -1, 0, 1, 0, 1, 1, 0, -1, 0, -1, 0, 0, -1, 1, 1, 1, 1, 1, -1, -1, 1, -1, 0, 1, -1, -1, -1, -1, 1, 0, 0, 0, 1, -1, 1, 1, 1, 0, 0, 0, 1, 1, -1, 0, 1, 0, -1, 1, -1, 1, 0, 1, 0, -1, 0, 1, 1, 1, 0, 0, 1, 0, 1, 0, -1, -1, -1, 1, 1, -1, -1, 0, -1, 1, -1, 0, 1, 0, -1, 0, -1, 0, 0, 0, 0, 0, -1, -1, -1, -1, 1, -1, 0, 1, 0, 1",13.0,"102, 270, 508, 176, 331, 33, 55, 335, 310, 414, 305, 425, 38, 334, 22, 389, 261, 408, 14, 488, 150, 293, 429, 308, 477, 203, 466, 341, 136, 126, 258, 492, 89, 476, 212, 499, 262, 199, 495, 76, 34, 248, 20, 165, 329, 428, 260, 445, 307, 163, 123, 228, 502, 117, 252, 447, 441, 40, 5, 9, 402, 467, 340, 349, 164, 405, 91, 12, 224, 311, 106, 27, 252, 31, 140, 350, 415, 457, 235, 323, 191, 429, 222, 19, 348, 321, 140, 347, 495, 228, 52, 37, 235, 293, 401, 124, 247, 416, 42, 81, 320, 490, 8, 480, 508, 356, 328, 379, 63, 359, 25, 166, 102, 149, 272, 439, 47, 468, 319, 170, 116, 236, 468, 96, 440, 501, 438","0, -1, 0, 0, 1, 0, -1, 1, 1, 1, 0, 0, 1, 0, -1, -1, -1, 0, -1, 1, -1, 1, 0, 1, 1, -1, 1, -1, 1, 1, 1, 0, -1, 0, -1, -1, 0, 1, 0, 1, 0, 0, 1, -1, -1, -1, -1, -1, 1, 1, -1, 1, 0, -1, 1, 1, 1, 1, -1, 0, 0, 0, -1, 1, -1, -1, -1, 0, 0, 0, -1, -1, 1, 0, -1, 0, 1, -1, 1, -1, 0, -1, 0, 1, 0, -1, -1, -1, 0, 0, -1, 0, -1, 0, 1, 1, 1, -1, -1, 1, 1, 0, 1, -1, 1, 0, -1, 0, 1, 0, 1, 0, 0, 0, 0, 0, 1, 1, 1, 1, -1, 1, 0, -1, 0, -1, 0, -1, -1, -1, 1, -1, 0, 0, -1, 0, -1, 1, 1, 0, -1, 1, -1, 0, -1, 1, 0, 0, 1, -1, 0, 1, -1, 0, -1, 0, 1, 1, 1, 0, -1, 1, 0, 0, -1, 1, 0, 1, 0, -1, 0, 0, 0, 1, 1, 1, 0, -1, 1, 1, 1, -1, 1, 0, 1, 0, 1, 1, -1, 0, 1, 1, 0, 0, -1, -1, -1, -1, -1, 1, 0, 0, -1, 0, -1, 0, 1, -1, -1, 1, -1, -1, -1, 1, 0, 0, 0, -1, 0, 1, 1, 1, -1, -1, 0, -1, -1, 0, 1, 0, 0, -1, 1, -1, 0, -1, 1, -1, 1, 0, 1, 1, -1, 1, -1, 1, 1, 0, -1, 0, 1, -1, 0, 0",13.0,"0, -1, 0, 0, 1, 0, -1, 1, 1, 1, 0, 0, 1, 0, -1, -1, -1, 0, -1, 1, -1, 1, 0, 1, 1, -1, 1, -1, 1, 1, 1, 0, -1, 0, -1, -1, 0, 1, 0, 1, 0, 0, 1, -1, -1, -1, -1, -1, 1, 1, -1, 1, 0, -1, 1, 1, 1, 1, -1, 0, 0, 0, -1, 1, -1, -1, -1, 0, 0, 0, -1, -1, 1, 0, -1, 0, 1, -1, 1, -1, 0, -1, 0, 1, 0, -1, -1, -1, 0, 0, -1, 0, -1, 0, 1, 1, 1, -1, -1, 1, 1, 0, 1, -1, 1, 0, -1, 0, 1, 0, 1, 0, 0, 0, 0, 0, 1, 1, 1, 1, -1, 1, 0, -1, 0, -1, 0, -1, -1, -1, 1, -1, 0, 0, -1, 0, -1, 1, 1, 0, -1, 1, -1, 0, -1, 1, 0, 0, 1, -1, 0, 1, -1, 0, -1, 0, 1, 1, 1, 0, -1, 1, 0, 0, -1, 1, 0, 1, 0, -1, 0, 0, 0, 1, 1, 1, 0, -1, 1, 1, 1, -1, 1, 0, 1, 0, 1, 1, -1, 0, 1, 1, 0, 0, -1, -1, -1, -1, -1, 1, 0, 0, -1, 0, -1, 0, 1, -1, -1, 1, -1, -1, -1, 1, 0, 0, 0, -1, 0, 1, 1, 1, -1, -1, 0, -1, -1, 0, 1, 0, 0, -1, 1, -1, 0, -1, 1, -1, 1, 0, 1, 1, -1, 1, -1, 1, 1, 0, -1, 0, 1, -1, 0, 0",13.0,52,52,347944.1989543438
"-1, 0, -1, 0, 0, -1, 1, -1, 1, 1, -1, 0, -1, -1, -1, 1, -1, 1, 1, -1, 1, 0, -1, -1, -1, -1, 1, -1, 1, 0, 1, 1, 0, 0, 1, 0, -1, -1, 0, 0, -1, 1, 1, -1, 0, 1, 0, 1, 1, 1, -1, 0, 1, 1, -1, 0, 1, 0, -1, -1, -1, 1, -1, 0, 0, -1, 1, 1, 1, 0, 0, 0, 1, 1, -1, 0, 0, 1, -1, -1, 1, 0, 0, -1, 0, 1, -1, 0, 0, 0, -1, 1, 1, 1, 1, 0, -1, -1, 1, 0, 0, 1, 1, 0, 1, -1, 0, -1, -1, 0, 0, 1, 0, -1, 1, -1, 0, -1, -1, 1, 0, 0, 1, 1, 0, -1, 0","0, 1, -1, 0, 0, -1, -1, 0, -1, -1, -1, 1, 0, -1, 1, 1, -1, -1, 1, 0, 1, 0, 1, 1, -1, 1, 0, 1, 1, -1, -1, 1, -1, -1, 1, 1, -1, 0, 0, 1, 0, 1, -1, 1, -1, 1, 0, 0, 0, -1, -1, -1, 1, -1, -1, -1, 1, -1, 0, 0, 1, -1, 1, 1, 1, 0, -1, 0, 0, 0, 1, -1, 0, 1, 0, -1, 0, 0, -1, 1, -1, 0, -1, -1, 1, 0, 1, -1, 1, 0, 1, 0, 0, 0, 0, -1, 1, 0, 1, 1, 1, -1, 0, -1, 1, -1, 0, -1, 0, 0, 1, 0, -1, 0, 0, 0, 0, 0, -1, 1, 1, 1, -1, 1, 1, 0, -1",13.0,"402, 141, 422, 199, 253, 304, 410, 9, 375, 314, 285, 111, 383, 418, 23, 105, 336, 380, 480, 360, 377, 482, 103, 11, 275, 288, 365, 287, 235, 325, 423, 431, 473, 197, 209, 492, 465, 160, 137, 279, 26, 430, 265, 197, 252, 97, 87, 214, 407, 243, 74, 403, 461, 390, 507, 132, 485, 30, 199, 220, 71, 87, 384, 507, 228, 250, 148, 390, 78, 167, 376, 156, 298, 474, 407, 280, 54, 274, 189, 23, 65, 84, 256, 95, 467, 361, 415, 336, 147, 397, 422, 338, 247, 292, 188, 167, 279, 86, 338, 495, 107, 280, 350, 397, 296, 285, 433, 437, 97, 235, 396, 429, 510, 94, 193, 178, 137, 331, 228, 466, 489, 497, 377, 83, 175, 13, 144","-1, 1, -1, -1, 0, 1, 0, -1, 1, 0, 0, 1, 1, 0, 1, 1, 1, -1, 0, 1, -1, -1, 1, 1, -1, 0, -1, 0, -1, -1, 1, -1, 0, -1, -1, 1, 1, -1, 1, 1, -1, -1, 1, 0, 0, -1, 0, -1, 1, -1, 1, -1, 0, 0, 0, 1, 1, 1, -1, 1, 1, 1, -1, 1, 0, 0, -1, 1, -1, -1, -1, 0, 1, 0, 0, 0, -1, 1, 0, -1, 0, 1, 0, 0, 1, -1, 1, 0, 1, 1, -1, 0, -1, 1, -1, 0, -1, 0, 0, 0, 0, 1, -1, 0, -1, -1, -1, 1, 0, 1, -1, 1, 0, 1, 0, 0, -1, 0, 1, 0, 0, 0, 0, 0, 1, -1, -1, 0, -1, -1, 0, 1, 0, 1, 0, 1, 0, 0, 1, -1, 1, -1, -1, 1, 0, 1, 1, 1, -1, 1, -1, -1, 1, -1, 0, 1, 1, 1, 1, -1, 1, -1, 0, -1, -1, 0, 0, -1, 0, 1, 1, 0, 0, 1, -1, -1, 1, 0, -1, 0, -1, -1, -1, 1, 0, -1, -1, 1, 0, -1, 0, 1, 1, 1, -1, 1, 0, 0, 1, -1, -1, -1, 0, 0, 0, -1, -1, 1, 0, 0, -1, 1, 1, -1, 0, 0, 1, 0, -1, 1, 0, 0, 0, 1, -1, -1, -1, -1, 0, 1, 1, -1, 0, 0, -1, -1, 0, -1, 1, 0, 1, 1, 0, 0, -1, 0, 1, -1, 1, 0, 1, 1, -1, 0",13.0,"-1, 1, -1, -1, 0, 1, 0, -1, 1, 0, 0, 1, 1, 0, 1, 1, 1, -1, 0, 1, -1, -1, 1, 1, -1, 0, -1, 0, -1, -1, 1, -1, 0, -1, -1, 1, 1, -1, 1, 1, -1, -1, 1, 0, 0, -1, 0, -1, 1, -1, 1, -1, 0, 0, 0, 1, 1, 1, -1, 1, 1, 1, -1, 1, 0, 0, -1, 1, -1, -1, -1, 0, 1, 0, 0, 0, -1, 1, 0, -1, 0, 1, 0, 0, 1, -1, 1, 0, 1, 1, -1, 0, -1, 1, -1, 0, -1, 0, 0, 0, 0, 1, -1, 0, -1, -1, -1, 1, 0, 1, -1, 1, 0, 1, 0, 0, -1, 0, 1, 0, 0, 0, 0, 0, 1, -1, -1, 0, -1, -1, 0, 1, 0, 1, 0, 1, 0, 0, 1, -1, 1, -1, -1, 1, 0, 1, 1, 1, -1, 1, -1, -1, 1, -1, 0, 1, 1, 1, 1, -1, 1, -1, 0, -1, -1, 0, 0, -1, 0, 1, 1, 0, 0, 1, -1, -1, 1, 0, -1, 0, -1, -1, -1, 1, 0, -1, -1, 1, 0, -1, 0, 1, 1, 1, -1, 1, 0, 0, 1, -1, -1, -1, 0, 0, 0, -1, -1, 1, 0, 0, -1, 1, 1, -1, 0, 0, 1, 0, -1, 1, 0, 0, 0, 1, -1, -1, -1, -1, 0, 1, 1, -1, 0, 0, -1, -1, 0, -1, 1, 0, 1, 1, 0, 0, -1, 0, 1, -1, 1, 0, 1, 1, -1, 0",13.0,54,54,531145.4700477123
"-1, 0, 0, -1, 1, 0, 0, 1, 1, 0, 0, -1, 0, 1, -1, 1, 1, -1, -1, -1, 0, 1, 0, 1, 0, -1, 1, 1, -1, -1, 0, 0, -1, 0, 1, 1, 1, -1, 0, 1, 1, 1, -1, -1, -1, -1, 0, 0, 1, 1, 0, -1, -1, -1, 0, 0, 1, 1, 0, 0, 1, 1, 1, -1, -1, 0, 0, -1, 1, 0, 0, -1, -1, -1, 1, 1, 1, -1, -1, 1, 1, 0, 0, 0, 0, 1, 0, -1, 0, 1, -1, 1, 1, -1, 1, 1, -1, 0, 1, -1, -1, 0, 0, 1, -1, 0, 0, -1, 0, 0, 1, -1, 1, 0, 0, -1, -1, -1, 1, 0, -1, -1, 1, 1, 1, 0, -1","0, 1, 1, -1, 0, 0, 1, -1, 1, 0, -1, 0, 1, 0, 0, 1, 1, 0, -1, 1, -1, 0, -1, 1, -1, -1, 1, 1, -1, -1, 0, 1, 0, 0, -1, -1, -1, 0, 1, 0, -1, -1, 1, -1, -1, 0, 0, 1, 1, -1, 1, 0, 1, 1, -1, -1, 1, 0, -1, -1, 1, 1, 1, -1, 1, 0, 0, 1, 0, 0, 0, -1, 0, 0, -1, 1, 1, -1, -1, -1, 0, 0, 0, -1, 1, 0, -1, 0, -1, 0, -1, 0, 1, -1, -1, 1, 1, 0, 1, 1, 0, 1, 0, 0, 1, 1, 1, -1, 1, -1, 1, -1, 1, 0, -1, -1, -1, 0, 0, 1, -1, 0, 1, -1, 0, 0, 0",13.0,"134, 95, 447, 90, 492, 67, 449, 487, 113, 176, 400, 377, 49, 111, 317, 388, 410, 404, 433, 135, 79, 297, 215, 59, 282, 76, 168, 196, 466, 110, 171, 377, 70, 233, 346, 39, 155, 251, 274, 358, 485, 154, 123, 505, 123, 57, 360, 190, 108, 291, 463, 443, 57, 450, 477, 429, 99, 101, 179, 11, 406, 300, 499, 155, 233, 484, 414, 155, 445, 336, 110, 200, 414, 386, 51, 385, 43, 114, 483, 100, 312, 22, 168, 115, 480, 189, 413, 164, 175, 389, 50, 1, 193, 190, 318, 37, 155, 124, 170, 116, 403, 263, 396, 173, 42, 92, 134, 177, 431, 9, 509, 126, 32, 504, 169, 259, 144, 418, 226, 383, 450, 103, 160, 57, 341, 27, 297","-1, 1, 1, 0, -1, 0, 0, 1, 1, 1, 0, -1, 0, 1, 1, -1, 1, 1, 0, 0, -1, -1, 1, -1, 0, -1, -1, 1, 1, -1, 0, 1, 1, -1, -1, -1, 1, -1, 0, 0, -1, 0, 0, 0, 1, 0, 0, 1, -1, -1, 1, 1, 1, 0, 0, 0, 1, -1, 0, 1, 0, 1, 0, 1, 0, -1, 1, 1, -1, -1, 0, -1, -1, 0, -1, 0, 0, -1, -1, -1, 1, -1, 1, -1, 1, -1, 0, 1, 1, 1, 0, 0, -1, 1, 0, -1, 1, 0, 0, 0, 0, -1, -1, 1, 0, 0, -1, 1, -1, 0, 1, 0, -1, 0, 0, -1, -1, 0, 1, -1, 1, 0, 1, -1, 1, 1, -1, -1, 1, 1, 0, 0, 1, 0, -1, -1, -1, 1, 0, -1, -1, -1, 1, 1, 1, 1, 0, 0, -1, -1, 0, 1, 1, 1, 0, 0, -1, -1, 0, 0, -1, -1, -1, 1, 1, 0, 0, 1, -1, 0, 0, 1, 1, 1, -1, -1, -1, 1, 1, -1, -1, 0, 0, 0, 0, -1, 0, 1, 0, -1, 1, -1, -1, 1, -1, -1, 1, 0, -1, 1, 1, 0, 0, -1, 1, 0, 0, 1, 0, 0, -1, 1, -1, 0, 0, 1, 1, 1, -1, 0, 1, 1, -1, -1, -1, 0, 1, 1, 0, 0, 1, -1, 0, 0, -1, -1, 0, 0, 1, 0, -1, 1, -1, -1, 1, 1, 1, 0, -1, 0, -1, 0, 1, -1",13.0,"-1, 1, 1, 0, -1, 0, 0, 1, 1, 1, 0, -1, 0, 1, 1, -1, 1, 1, 0, 0, -1, -1, 1, -1, 0, -1, -1, 1, 1, -1, 0, 1, 1, -1, -1, -1, 1, -1, 0, 0, -1, 0, 0, 0, 1, 0, 0, 1, -1, -1, 1, 1, 1, 0, 0, 0, 1, -1, 0, 1, 0, 1, 0, 1, 0, -1, 1, 1, -1, -1, 0, -1, -1, 0, -1, 0, 0, -1, -1, -1, 1, -1, 1, -1, 1, -1, 0, 1, 1, 1, 0, 0, -1, 1, 0, -1, 1, 0, 0, 0, 0, -1, -1, 1, 0, 0, -1, 1, -1, 0, 1, 0, -1, 0, 0, -1, -1, 0, 1, -1, 1, 0, 1, -1, 1, 1, -1, -1, 1, 1, 0, 0, 1, 0, -1, -1, -1, 1, 0, -1, -1, -1, 1, 1, 1, 1, 0, 0, -1, -1, 0, 1, 1, 1, 0, 0, -1, -1, 0, 0, -1, -1, -1, 1, 1, 0, 0, 1, -1, 0, 0, 1, 1, 1, -1, -1, -1, 1, 1, -1, -1, 0, 0, 0, 0, -1, 0, 1, 0, -1, 1, -1, -1, 1, -1, -1, 1, 0, -1, 1, 1, 0, 0, -1, 1, 0, 0, 1, 0, 0, -1, 1, -1, 0, 0, 1, 1, 1, -1, 0, 1, 1, -1, -1, -1, 0, 1, 1, 0, 0, 1, -1, 0, 0, -1, -1, 0, 0, 1, 0, -1, 1, -1, -1, 1, 1, 1, 0, -1, 0, -1, 0, 1, -1",13.0,52,52,409959.3483121395
"0, 1, 1, 1, 0, -1, -1, -1, -1, -1, 1, -1, -1, -1, 1, 1, 1, 0, 1, 0, 0, 0, 0, 1, -1, 1, 0, -1, 0, 1, 0, 0, 1, -1, 1, -1, -1, 0, 1, 1, 1, 0, 1, -1, 1, 0, -1, 0, 0, 0, -1, 0, -1, 0, -1, 1, 1, 1, 1, -1, 0, 0, -1, 1, 0, 0, 0, 1, -1, -1, -1, 0, 1, 1, 0, 1, 0, 1, -1, 1, -1, -1, 1, -1, 1, 0, 0, 0, 1, -1, 0, -1, -1, 1, 0, 0, 0, 1, 1, 0, 1, 1, -1, -1, 0, -1, 0, -1, 0, 1, -1, 0, 1, 0, -1, 1, -1, -1, -1, -1, -1, 0, 0, 1, 1, -1, 1","0, -1, 0, -1, -1, -1, -1, 1, -1, 1, 1, -1, -1, 1, 1, 0, 1, 1, 0, 1, 1, 1, 0, -1, 0, 1, 0, -1, 0, 1, 1, 0, 1, 0, 0, -1, 0, 0, 1, -1, 0, -1, -1, 0, 0, 1, -1, -1, -1, -1, -1, -1, -1, 0, 1, 0, 0, 1, -1, -1, 1, 1, 0, -1, 1, 0, -1, 0, -1, -1, 1, 0, 0, 1, 0, -1, 0, 0, 1, 0, 1, -1, 1, -1, 0, 1, 0, 0, -1, 0, 1, 1, 1, 1, 0, 1, 0, -1, 1, -1, 0, 0, 0, 0, 1, 0, 0, 0, 1, 1, 1, -1, 1, -1, 0, 1, -1, -1, 0, -1, 1, -1, -1, 1, 1, -1, -1",13.0,"169, 237, 325, 146, 282, 440, 191, 125, 93, 109, 249, 353, 169, 444, 386, 122, 476, 409, 257, 322, 484, 9, 229, 362, 235, 100, 85, 372, 185, 78, 13, 224, 189, 144, 279, 406, 10, 157, 371, 447, 401, 498, 6, 437, 121, 207, 404, 170, 269, 296, 253, 19, 421, 134, 234, 7, 389, 260, 226, 315, 413, 221, 243, 398, 53, 305, 372, 255, 302, 319, 110, 31, 503, 240, 436, 145, 148, 507, 354, 299, 86, 157, 243, 400, 51, 454, 62, 99, 246, 441, 483, 2, 63, 382, 359, 506, 266, 364, 248, 447, 414, 18, 489, 476, 78, 104, 411, 331, 178, 485, 73, 200, 466, 25, 492, 436, 187, 173, 362, 352, 485, 3, 361, 433, 66, 272, 147","-1, 0, -1, 1, -1, 1, 0, -1, 0, 0, 1, 0, -1, -1, -1, -1, 0, -1, 0, 1, -1, 1, 0, 0, 0, 0, -1, 0, 0, 0, -1, -1, -1, 1, -1, 1, 0, -1, 1, 1, 0, 1, -1, 1, 1, -1, -1, 1, 1, 0, 1, 0, 1, 1, 1, 1, -1, 1, -1, -1, 1, 1, -1, -1, 0, -1, -1, 0, -1, -1, -1, 0, 1, 0, -1, 0, 1, 0, -1, -1, 0, -1, 0, 0, 1, 0, 0, -1, 1, 0, 1, 1, 0, 0, -1, 1, 1, 1, 1, 1, 1, 1, 0, -1, 0, 0, -1, 1, 1, -1, -1, 0, 1, -1, 0, 1, 0, 1, 1, -1, 0, 0, -1, 0, 1, 0, 0, 1, -1, 1, 1, -1, 1, -1, 0, 0, 0, -1, 1, 0, 1, 1, -1, 0, 0, 0, -1, -1, 0, -1, -1, 1, 1, 0, 1, 0, 1, 0, -1, 1, 0, -1, 0, 1, -1, 1, 1, 1, 1, 1, 0, 0, -1, -1, 1, -1, 0, -1, -1, -1, 0, 1, 1, 1, 1, 1, -1, 1, 1, 1, -1, -1, -1, 0, -1, 0, 0, 0, 0, -1, 1, -1, 0, 1, 0, -1, 0, 0, -1, 1, -1, 1, 1, 0, -1, -1, -1, 0, -1, 1, -1, 0, 1, 0, 0, 0, 1, 0, 1, 0, 1, -1, -1, -1, -1, 1, 0, 0, 1, -1, 0, 0, 0, -1, 1, 1, 1, 0, -1, -1, 0, -1, 0, -1",13.0,"-1, 0, -1, 1, -1, 1, 0, -1, 0, 0, 1, 0, -1, -1, -1, -1, 0, -1, 0, 1, -1, 1, 0, 0, 0, 0, -1, 0, 0, 0, -1, -1, -1, 1, -1, 1, 0, -1, 1, 1, 0, 1, -1, 1, 1, -1, -1, 1, 1, 0, 1, 0, 1, 1, 1, 1, -1, 1, -1, -1, 1, 1, -1, -1, 0, -1, -1, 0, -1, -1, -1, 0, 1, 0, -1, 0, 1, 0, -1, -1, 0, -1, 0, 0, 1, 0, 0, -1, 1, 0, 1, 1, 0, 0, -1, 1, 1, 1, 1, 1, 1, 1, 0, -1, 0, 0, -1, 1, 1, -1, -1, 0, 1, -1, 0, 1, 0, 1, 1, -1, 0, 0, -1, 0, 1, 0, 0, 1, -1, 1, 1, -1, 1, -1, 0, 0, 0, -1, 1, 0, 1, 1, -1, 0, 0, 0, -1, -1, 0, -1, -1, 1, 1, 0, 1, 0, 1, 0, -1, 1, 0, -1, 0, 1, -1, 1, 1, 1, 1, 1, 0, 0, -1, -1, 1, -1, 0, -1, -1, -1, 0, 1, 1, 1, 1, 1, -1, 1, 1, 1, -1, -1, -1, 0, -1, 0, 0, 0, 0, -1, 1, -1, 0, 1, 0, -1, 0, 0, -1, 1, -1, 1, 1, 0, -1, -1, -1, 0, -1, 1, -1, 0, 1, 0, 0, 0, 1, 0, 1, 0, 1, -1, -1, -1, -1, 1, 0, 0, 1, -1, 0, 0, 0, -1, 1, 1, 1, 0, -1, -1, 0, -1, 0, -1",13.0,54,54,605702.9613697529
"0, 1, -1, 1, 0, -1, -1, 1, 0, 0, -1, 1, 0, -1, 0, -1, -1, 1, 0, 0, 1, 1, -1, -1, 1, -1, -1, 1, 0, 1, -1, -1, 0, 0, 1, -1, 0, -1, -1, 1, 0, 1, 1, -1, -1, 1, -1, 0, 1, 0, -1, -1, -1, 1, 0, -1, 0, 1, -1, 0, 0, 0, 0, -1, 0, 0, 1, 1, 1, 0, -1, 1, 0, 0, 0, 1, 1, 1, 1, 0, -1, 0, 1, 1, -1, 1, -1, 1, -1, 1, 0, 0, -1, 0, 0, -1, 1, -1, -1, 1, 1, -1, 0, 1, 0, 0, 0, -1, 1, 1, 0, 1, 1, -1, -1, -1, 0, 0, 0, 1, 1, 1, -1, -1, -1, 1, 0","-1, -1, -1, 1, -1, 1, 1, 0, 0, -1, -1, -1, 1, 0, 1, -1, 1, 1, -1, 1, 1, -1, 1, 1, 1, -1, 0, 0, 0, 1, -1, 1, 0, 0, 0, -1, -1, 0, -1, -1, -1, -1, -1, 0, -1, 0, 1, 0, 1, 0, -1, 1, 1, -1, -1, 0, 1, 1, 0, -1, 0, -1, -1, -1, 1, -1, 1, 1, 1, 0, 1, 0, -1, 0, 0, 1, 1, 1, 0, 1, -1, 1, 0, 0, -1, 0, -1, 0, 0, 0, 1, 0, 0, 0, -1, -1, 0, 0, 1, 0, -1, 1, -1, -1, 1, -1, 1, 0, 1, 1, -1, -1, 0, 0, 1, 1, 0, 0, 0, 1, 0, 0, -1, 1, 0, -1, 1",13.0,"314, 355, 155, 88, 215, 98, 506, 137, 317, 425, 454, 125, 18, 191, 150, 243, 51, 95, 510, 145, 421, 460, 183, 347, 391, 42, 417, 495, 87, 56, 427, 414, 411, 14, 407, 393, 151, 207, 349, 142, 50, 239, 13, 155, 165, 83, 34, 335, 392, 432, 382, 280, 67, 92, 125, 114, 437, 336, 366, 179, 250, 95, 11, 86, 279, 352, 230, 85, 75, 312, 12, 76, 2, 479, 428, 230, 24, 7, 224, 356, 120, 86, 66, 198, 35, 201, 46, 368, 371, 119, 69, 253, 102, 256, 22, 377, 121, 257, 369, 160, 202, 42, 207, 387, 5, 71, 417, 158, 306, 45, 251, 375, 90, 238, 391, 21, 458, 25, 87, 126, 185, 384, 190, 444, 56, 388, 208","-1, 0, -1, 1, -1, 0, 0, 1, 0, 1, 0, 0, 0, -1, 0, 0, 0, 1, 1, 0, 0, -1, 0, 1, -1, 1, 1, -1, 1, -1, 0, -1, -1, 1, 1, 0, 0, -1, -1, 0, 0, 0, -1, 0, 0, 1, -1, 0, 1, -1, 1, 1, 1, -1, 1, -1, -1, 0, 0, 1, 1, 1, -1, 0, -1, 1, -1, -1, 1, -1, -1, 1, -1, -1, -1, 1, 0, 0, 0, -1, 1, -1, 0, 0, 0, 1, 1, 0, 1, 1, 1, 1, 1, 0, 1, 0, -1, 0, -1, 0, 1, -1, -1, 1, 1, 0, -1, -1, 0, 1, 0, 1, 1, 1, -1, 1, -1, -1, -1, 0, -1, 0, 1, 0, 0, -1, -1, -1, -1, 0, 1, 0, -1, -1, 1, -1, 1, -1, 1, -1, 0, 0, 1, 0, 0, 1, -1, 1, 1, -1, -1, 1, 0, -1, 0, 0, 0, 1, -1, -1, 0, -1, -1, 1, 1, 1, 0, 0, 0, -1, -1, -1, 1, 1, 1, -1, 0, 0, -1, 1, -1, 0, 1, 1, -1, 0, 0, 1, -1, 0, 1, 0, 1, 1, -1, 0, 0, -1, -1, 1, 1, -1, 1, 1, -1, 0, -1, 1, 1, 0, 0, -1, 1, 0, 1, 1, -1, 0, -1, -1, 1, 1, -1, 1, 0, -1, 0, 1, 1, 1, -1, 0, 1, 0, -1, 1, 0, 0, 0, 0, 1, 0, 0, -1, -1, -1, 0, 1, -1, 0, 0, 0, -1, -1",13.0,"-1, 0, -1, 1, -1, 0, 0, 1, 0, 1, 0, 0, 0, -1, 0, 0, 0, 1, 1, 0, 0, -1, 0, 1, -1, 1, 1, -1, 1, -1, 0, -1, -1, 1, 1, 0, 0, -1, -1, 0, 0, 0, -1, 0, 0, 1, -1, 0, 1, -1, 1, 1, 1, -1, 1, -1, -1, 0, 0, 1, 1, 1, -1, 0, -1, 1, -1, -1, 1, -1, -1, 1, -1, -1, -1, 1, 0, 0, 0, -1, 1, -1, 0, 0, 0, 1, 1, 0, 1, 1, 1, 1, 1, 0, 1, 0, -1, 0, -1, 0, 1, -1, -1, 1, 1, 0, -1, -1, 0, 1, 0, 1, 1, 1, -1, 1, -1, -1, -1, 0, -1, 0, 1, 0, 0, -1, -1, -1, -1, 0, 1, 0, -1, -1, 1, -1, 1, -1, 1, -1, 0, 0, 1, 0, 0, 1, -1, 1, 1, -1, -1, 1, 0, -1, 0, 0, 0, 1, -1, -1, 0, -1, -1, 1, 1, 1, 0, 0, 0, -1, -1, -1, 1, 1, 1, -1, 0, 0, -1, 1, -1, 0, 1, 1, -1, 0, 0, 1, -1, 0, 1, 0, 1, 1, -1, 0, 0, -1, -1, 1, 1, -1, 1, 1, -1, 0, -1, 1, 1, 0, 0, -1, 1, 0, 1, 1, -1, 0, -1, -1, 1, 1, -1, 1, 0, -1, 0, 1, 1, 1, -1, 0, 1, 0, -1, 1, 0, 0, 0, 0, 1, 0, 0, -1, -1, -1, 0, 1, -1, 0, 0, 0, -1, -1",13.0,55,55,745897.9731657505
"0, -1, 1, -1, 0, 1, 1, -1, 1, 0, 0, 0, 1, 0, -1, 0, -1, -1, 1, -1, -1, -1, 1, 1, -1, 1, -1, -1, 0, 0, -1, 0, 1, 1, 0, 0, 1, 1, 0, 0, 0, -1, 0, 1, 1, 1, -1, 0, 0, 1, 0, -1, 0, 1, -1, -1, 1, 1, 1, 1, -1, 0, -1, 1, 0, 1, 1, -1, 0, 1, 0, 0, -1, -1, 1, 0, -1, 1, 0, -1, -1, -1, -1, -1, 1, 0, 1, -1, 0, 1, 0, -1, -1, -1, 1, 1, 0, 1, 1, 0, 1, 0, 1, -1, 0, 0, 1, 1, -1, 1, 1, -1, 0, 0, -1, 0, 0, -1, 0, 1, 1, -1, -1, -1, 0, -1, 0","-1, 0, 0, 1, 0, -1, 0, 0, -1, -1, 1, 1, 0, -1, 1, 1, 0, -1, 0, 0, 1, -1, 1, -1, 1, 1, 0, 0, 0, 0, 0, 0, 1, 1, 0, 1, 1, 1, 1, -1, 0, -1, -1, 1, -1, -1, -1, 1, 1, -1, 0, -1, 1, 1, 1, 1, -1, 0, -1, -1, 1, 1, -1, 0, 1, -1, 0, -1, -1, 1, 0, -1, 0, 0, 0, 0, -1, 1, -1, -1, 0, -1, 1, -1, 0, -1, -1, 1, -1, -1, 0, 0, 1, -1, -1, 0, 1, 1, 0, 0, 0, 0, -1, 1, 0, 1, 1, 0, 1, -1, 0, -1, 1, -1, 0, 1, 0, 1, -1, 0, 1, 1, 0, -1, 1, -1, 0",13.0,"393, 499, 266, 260, 5, 224, 313, 269, 406, 345, 137, 310, 427, 31, 21, 477, 101, 312, 268, 430, 261, 69, 418, 311, 152, 471, 294, 404, 311, 211, 302, 80, 239, 316, 172, 41, 325, 332, 200, 338, 398, 319, 15, 166, 24, 285, 362, 76, 100, 493, 40, 429, 305, 45, 505, 331, 406, 377, 486, 152, 305, 182, 266, 278, 306, 293, 96, 4, 326, 439, 135, 186, 90, 475, 112, 109, 384, 456, 153, 373, 83, 405, 409, 160, 330, 207, 267, 180, 468, 213, 279, 75, 89, 112, 486, 101, 118, 245, 405, 465, 57, 141, 448, 177, 197, 83, 200, 210, 171, 494, 507, 147, 377, 424, 63, 76, 1, 17, 161, 6, 14, 169, 397, 506, 118, 370, 93","0, 1, 0, -1, 0, 0, -1, -1, 1, 1, 0, -1, 1, 1, 0, -1, 0, 0, 1, -1, 1, -1, 1, 1, 0, 0, 0, 0, 0, 0, 1, 1, 0, 1, 1, 1, 1, -1, 0, -1, -1, 1, -1, -1, -1, 1, 1, -1, 0, -1, 1, 1, 1, 1, -1, 0, -1, -1, 1, 1, -1, 0, 1, -1, 0, -1, -1, 1, 0, -1, 0, 0, 0, 0, -1, 1, -1, -1, 0, -1, 1, -1, 0, -1, -1, 1, -1, -1, 0, 0, 1, -1, -1, 0, 1, 1, 0, 0, 0, 0, -1, 1, 0, 1, 1, 0, 1, -1, 0, -1, 1, -1, 0, 1, 0, 1, -1, 0, 1, 1, 0, -1, 1, -1, 0, -1, 0, 1, -1, 0, 1, 1, -1, 1, 0, 0, 0, 1, 0, -1, 0, -1, -1, 1, -1, -1, -1, 1, 1, -1, 1, -1, -1, 0, 0, -1, 0, 1, 1, 0, 0, 1, 1, 0, 0, 0, -1, 0, 1, 1, 1, -1, 0, 0, 1, 0, -1, 0, 1, -1, -1, 1, 1, 1, 1, -1, 0, -1, 1, 0, 1, 1, -1, 0, 1, 0, 0, -1, -1, 1, 0, -1, 1, 0, -1, -1, -1, -1, -1, 1, 0, 1, -1, 0, 1, 0, -1, -1, -1, 1, 1, 0, 1, 1, 0, 1, 0, 1, -1, 0, 0, 1, 1, -1, 1, 1, -1, 0, 0, -1, 0, 0, -1, 0, 1, 1, -1, -1, -1, 0, -1, 0, 0, -1",13.0,"0, 1, 0, -1, 0, 0, -1, -1, 1, 1, 0, -1, 1, 1, 0, -1, 0, 0, 1, -1, 1, -1, 1, 1, 0, 0, 0, 0, 0, 0, 1, 1, 0, 1, 1, 1, 1, -1, 0, -1, -1, 1, -1, -1, -1, 1, 1, -1, 0, -1, 1, 1, 1, 1, -1, 0, -1, -1, 1, 1, -1, 0, 1, -1, 0, -1, -1, 1, 0, -1, 0, 0, 0, 0, -1, 1, -1, -1, 0, -1, 1, -1, 0, -1, -1, 1, -1, -1, 0, 0, 1, -1, -1, 0, 1, 1, 0, 0, 0, 0, -1, 1, 0, 1, 1, 0, 1, -1, 0, -1, 1, -1, 0, 1, 0, 1, -1, 0, 1, 1, 0, -1, 1, -1, 0, -1, 0, 1, -1, 0, 1, 1, -1, 1, 0, 0, 0, 1, 0, -1, 0, -1, -1, 1, -1, -1, -1, 1, 1, -1, 1, -1, -1, 0, 0, -1, 0, 1, 1, 0, 0, 1, 1, 0, 0, 0, -1, 0, 1, 1, 1, -1, 0, 0, 1, 0, -1, 0, 1, -1, -1, 1, 1, 1, 1, -1, 0, -1, 1, 0, 1, 1, -1, 0, 1, 0, 0, -1, -1, 1, 0, -1, 1, 0, -1, -1, -1, -1, -1, 1, 0, 1, -1, 0, 1, 0, -1, -1, -1, 1, 1, 0, 1, 1, 0, 1, 0, 1, -1, 0, 0, 1, 1, -1, 1, 1, -1, 0, 0, -1, 0, 0, -1, 0, 1, 1, -1, -1, -1, 0, -1, 0, 0, -1",13.0,56,56,842186.0499844551
"-1, -1, 1, 0, -1, 0, 0, 1, 0, 1, -1, -1, 1, 1, -1, 0, 1, 1, 1, -1, -1, 1, -1, 0, 0, -1, 0, -1, -1, -1, -1, 0, 0, 0, 1, 0, 0, 1, 1, 0, 1, 1, 0, 0, 0, 1, -1, -1, 1, 1, 0, 0, -1, 1, 1, -1, 1, 1, -1, -1, 1, 0, 1, 1, 0, 1, 1, 1, 1, 0, 0, -1, -1, 1, 0, -1, 1, 1, 1, 0, 1, -1, -1, -1, 0, -1, 1, 0, -1, -1, 0, 1, -1, 1, 0, 1, 1, 0, -1, -1, 0, -1, 0, 1, 0, 0, -1, 0, 1, 0, 0, 0, -1, -1, -1, 1, 0, 1, 1, 0, 0, -1, 0, -1, -1, -1, -1","1, -1, 0, 0, 1, 1, -1, 0, 1, -1, 1, 0, 0, 1, 1, 1, -1, 0, -1, 0, 1, 1, 1, 0, 0, 0, -1, -1, -1, 1, 0, 0, -1, -1, 0, 1, -1, -1, 0, 0, 1, -1, -1, 0, 1, 0, 0, -1, 0, 0, 0, 0, 0, 1, 1, 1, 1, -1, 1, 1, -1, -1, 1, -1, -1, 1, -1, 1, 1, 0, 1, -1, -1, -1, 0, -1, 0, 1, 1, 0, 1, 1, 0, 0, 1, 0, 0, -1, -1, 0, 1, 1, 0, -1, 1, 1, 1, 1, -1, 0, 0, 1, 1, -1, 0, 1, 0, -1, -1, 1, -1, -1, 0, 1, -1, 0, -1, 0, 0, -1, -1, -1, 0, -1, -1, -1, 0",13.0,"348, 496, 376, 264, 316, 459, 392, 90, 377, 437, 7, 269, 330, 411, 428, 372, 168, 418, 254, 195, 243, 482, 285, 209, 362, 210, 150, 33, 411, 345, 307, 36, 142, 110, 267, 324, 428, 223, 421, 357, 375, 185, 396, 242, 264, 154, 169, 313, 76, 437, 161, 22, 10, 143, 376, 452, 404, 288, 287, 206, 165, 380, 20, 204, 276, 212, 15, 380, 208, 325, 365, 139, 178, 10, 213, 253, 359, 454, 356, 168, 180, 180, 46, 480, 433, 160, 367, 147, 444, 41, 380, 75, 392, 350, 392, 176, 117, 398, 140, 180, 25, 171, 207, 224, 149, 139, 258, 90, 297, 229, 364, 25, 362, 365, 504, 104, 154, 61, 217, 193, 303, 138, 16, 402, 95, 124, 58","-1, 0, 0, 1, 1, -1, 0, 1, -1, 1, 0, 0, 1, 1, 1, -1, 0, -1, 0, 1, 1, 1, 0, 0, 0, -1, -1, -1, 1, 0, 0, -1, -1, 0, 1, -1, -1, 0, 0, 1, -1, -1, 0, 1, 0, 0, -1, 0, 0, 0, 0, 0, 1, 1, 1, 1, -1, 1, 1, -1, -1, 1, -1, -1, 1, -1, 1, 1, 0, 1, -1, -1, -1, 0, -1, 0, 1, 1, 0, 1, 1, 0, 0, 1, 0, 0, -1, -1, 0, 1, 1, 0, -1, 1, 1, 1, 1, -1, 0, 0, 1, 1, -1, 0, 1, 0, -1, -1, 1, -1, -1, 0, 1, -1, 0, -1, 0, 0, -1, -1, -1, 0, -1, -1, -1, 0, 1, -1, 1, 0, -1, 0, 0, 1, 0, 1, -1, -1, 1, 1, -1, 0, 1, 1, 1, -1, -1, 1, -1, 0, 0, -1, 0, -1, -1, -1, -1, 0, 0, 0, 1, 0, 0, 1, 1, 0, 1, 1, 0, 0, 0, 1, -1, -1, 1, 1, 0, 0, -1, 1, 1, -1, 1, 1, -1, -1, 1, 0, 1, 1, 0, 1, 1, 1, 1, 0, 0, -1, -1, 1, 0, -1, 1, 1, 1, 0, 1, -1, -1, -1, 0, -1, 1, 0, -1, -1, 0, 1, -1, 1, 0, 1, 1, 0, -1, -1, 0, -1, 0, 1, 0, 0, -1, 0, 1, 0, 0, 0, -1, -1, -1, 1, 0, 1, 1, 0, 0, -1, 0, -1, -1, -1, -1, -1",13.0,"-1, 0, 0, 1, 1, -1, 0, 1, -1, 1, 0, 0, 1, 1, 1, -1, 0, -1, 0, 1, 1, 1, 0, 0, 0, -1, -1, -1, 1, 0, 0, -1, -1, 0, 1, -1, -1, 0, 0, 1, -1, -1, 0, 1, 0, 0, -1, 0, 0, 0, 0, 0, 1, 1, 1, 1, -1, 1, 1, -1, -1, 1, -1, -1, 1, -1, 1, 1, 0, 1, -1, -1, -1, 0, -1, 0, 1, 1, 0, 1, 1, 0, 0, 1, 0, 0, -1, -1, 0, 1, 1, 0, -1, 1, 1, 1, 1, -1, 0, 0, 1, 1, -1, 0, 1, 0, -1, -1, 1, -1, -1, 0, 1, -1, 0, -1, 0, 0, -1, -1, -1, 0, -1, -1, -1, 0, 1, -1, 1, 0, -1, 0, 0, 1, 0, 1, -1, -1, 1, 1, -1, 0, 1, 1, 1, -1, -1, 1, -1, 0, 0, -1, 0, -1, -1, -1, -1, 0, 0, 0, 1, 0, 0, 1, 1, 0, 1, 1, 0, 0, 0, 1, -1, -1, 1, 1, 0, 0, -1, 1, 1, -1, 1, 1, -1, -1, 1, 0, 1, 1, 0, 1, 1, 1, 1, 0, 0, -1, -1, 1, 0, -1, 1, 1, 1, 0, 1, -1, -1, -1, 0, -1, 1, 0, -1, -1, 0, 1, -1, 1, 0, 1, 1, 0, -1, -1, 0, -1, 0, 1, 0, 0, -1, 0, 1, 0, 0, 0, -1, -1, -1, 1, 0, 1, 1, 0, 0, -1, 0, -1, -1, -1, -1, -1",13.0,50,50,222950.65147042274
"0, 0, -1, -1, -1, -1, -1, 0, 1, 1, 0, 1, -1, -1, 0, 1, 1, -1, 0, 1, 1, -1, 1, -1, 0, -1, 1, 1, -1, 0, 0, 1, 1, 0, -1, 1, 0, -1, -1, 1, 1, -1, 0, -1, -1, -1, 0, 1, 1, 1, 0, 1, 1, -1, 1, 0, 0, 0, 1, 0, 0, 1, 1, -1, -1, 0, 0, -1, -1, 0, 0, -1, 1, 0, 0, 1, 1, 1, 1, 1, 1, -1, 1, 0, -1, 0, 0, -1, -1, -1, 1, 0, -1, 0, -1, -1, 0, 0, -1, -1, 0, 1, 1, 0, 1, -1, 0, 0, 1, 1, -1, 0, -1, 0, -1, 0, -1, 1, 1, 1, 0, -1, -1, 1, 0, 0, 1","1, 0, 1, 1, 0, 1, 0, 1, 0, -1, -1, 1, 0, 1, -1, -1, -1, 0, 0, 1, 1, 1, 1, -1, 0, 1, 0, 1, 0, -1, -1, 0, -1, -1, -1, 0, -1, 1, -1, 0, 1, -1, 0, -1, -1, -1, 0, 1, 1, -1, 1, 0, 0, 1, 1, 0, 1, 1, 1, 1, 1, -1, 1, 0, -1, 1, 1, 0, 1, 1, 1, -1, 1, 0, 1, -1, 1, 0, -1, -1, 0, -1, 0, 0, -1, 1, 0, 0, -1, 1, -1, -1, 0, -1, 1, 1, 1, 0, -1, 0, -1, -1, 1, 0, -1, -1, 0, -1, -1, 0, 0, 0, 0, -1, 0, -1, -1, 0, 1, 1, 0, 0, 0, 0, -1, 0, -1",13.0,"431, 464, 234, 182, 462, 251, 156, 170, 259, 270, 203, 438, 64, 125, 460, 486, 494, 151, 303, 163, 7, 321, 12, 298, 244, 239, 248, 200, 18, 134, 210, 307, 510, 348, 9, 98, 45, 442, 461, 185, 137, 484, 447, 200, 423, 208, 289, 228, 216, 310, 197, 89, 414, 146, 343, 52, 229, 62, 259, 399, 468, 34, 262, 94, 481, 434, 485, 369, 54, 411, 458, 134, 473, 280, 80, 500, 368, 470, 445, 159, 114, 486, 132, 241, 155, 235, 86, 39, 318, 82, 340, 113, 19, 373, 175, 455, 474, 382, 371, 460, 88, 321, 348, 33, 366, 64, 218, 449, 35, 314, 311, 423, 483, 194, 20, 41, 102, 388, 26, 470, 406, 218, 256, 150, 376, 55, 382","1, 1, 1, -1, 1, 0, -1, 1, 1, 0, 1, 1, 1, -1, 1, 0, 1, -1, 1, 0, -1, -1, 0, -1, 0, 0, -1, 1, 0, 0, -1, 1, -1, -1, 0, -1, 1, 1, 1, 0, -1, 0, -1, -1, 1, 0, -1, -1, 0, -1, -1, 0, 0, 0, 0, -1, 0, -1, -1, 0, 1, 1, 0, 0, 0, 0, -1, 0, -1, 1, 0, 1, 1, 0, 1, 0, 1, 0, -1, -1, 1, 0, 1, -1, -1, -1, 0, 0, 1, 1, 1, 1, -1, 0, 1, 0, 1, 0, -1, -1, 0, -1, -1, -1, 0, -1, 1, -1, 0, 1, -1, 0, -1, -1, -1, 0, 1, 1, -1, 1, 0, 0, 1, 1, 0, 1, 1, 1, 0, 0, 1, 1, -1, -1, 0, 0, -1, -1, 0, 0, -1, 1, 0, 0, 1, 1, 1, 1, 1, 1, -1, 1, 0, -1, 0, 0, -1, -1, -1, 1, 0, -1, 0, -1, -1, 0, 0, -1, -1, 0, 1, 1, 0, 1, -1, 0, 0, 1, 1, -1, 0, -1, 0, -1, 0, -1, 1, 1, 1, 0, -1, -1, 1, 0, 0, 1, 0, 0, -1, -1, -1, -1, -1, 0, 1, 1, 0, 1, -1, -1, 0, 1, 1, -1, 0, 1, 1, -1, 1, -1, 0, -1, 1, 1, -1, 0, 0, 1, 1, 0, -1, 1, 0, -1, -1, 1, 1, -1, 0, -1, -1, -1, 0, 1, 1, 1, 0, 1, 1, -1, 1, 0, 0, 0",13.0,"1, 1, 1, -1, 1, 0, -1, 1, 1, 0, 1, 1, 1, -1, 1, 0, 1, -1, 1, 0, -1, -1, 0, -1, 0, 0, -1, 1, 0, 0, -1, 1, -1, -1, 0, -1, 1, 1, 1, 0, -1, 0, -1, -1, 1, 0, -1, -1, 0, -1, -1, 0, 0, 0, 0, -1, 0, -1, -1, 0, 1, 1, 0, 0, 0, 0, -1, 0, -1, 1, 0, 1, 1, 0, 1, 0, 1, 0, -1, -1, 1, 0, 1, -1, -1, -1, 0, 0, 1, 1, 1, 1, -1, 0, 1, 0, 1, 0, -1, -1, 0, -1, -1, -1, 0, -1, 1, -1, 0, 1, -1, 0, -1, -1, -1, 0, 1, 1, -1, 1, 0, 0, 1, 1, 0, 1, 1, 1, 0, 0, 1, 1, -1, -1, 0, 0, -1, -1, 0, 0, -1, 1, 0, 0, 1, 1, 1, 1, 1, 1, -1, 1, 0, -1, 0, 0, -1, -1, -1, 1, 0, -1, 0, -1, -1, 0, 0, -1, -1, 0, 1, 1, 0, 1, -1, 0, 0, 1, 1, -1, 0, -1, 0, -1, 0, -1, 1, 1, 1, 0, -1, -1, 1, 0, 0, 1, 0, 0, -1, -1, -1, -1, -1, 0, 1, 1, 0, 1, -1, -1, 0, 1, 1, -1, 0, 1, 1, -1, 1, -1, 0, -1, 1, 1, -1, 0, 0, 1, 1, 0, -1, 1, 0, -1, -1, 1, 1, -1, 0, -1, -1, -1, 0, 1, 1, 1, 0, 1, 1, -1, 1, 0, 0, 0",13.0,53,53,443027.9334664345
"0, 0, 0, -1, 1, 1, 0, 0, -1, -1, -1, -1, 1, -1, 0, 1, 0, 1, 1, -1, 0, 0, 1, -1, 1, -1, 0, 0, 1, 0, -1, 1, -1, -1, 0, 1, 1, 0, -1, 0, 0, -1, 0, 0, 0, 1, 1, 1, -1, 1, 0, 0, 0, -1, 0, -1, -1, -1, -1, 1, -1, 1, -1, 1, 0, 0, -1, -1, -1, 0, 1, -1, 1, -1, 0, 1, 1, -1, -1, -1, 0, -1, 1, 0, 1, 0, -1, -1, 0, 1, 1, -1, 1, -1, 0, 1, 1, 1, -1, 1, 0, 1, -1, 1, 0, -1, 1, 0, -1, 0, 0, 1, 1, 0, 1, -1, 0, -1, 1, 0, 1, 1, 0, -1, 1, 1, 0","0, 0, 1, 1, -1, 0, -1, 1, 0, -1, 0, 1, 0, -1, 1, 0, 1, -1, -1, 1, -1, 0, 0, 0, -1, 1, 0, 1, 0, 1, -1, 1, 1, -1, -1, 0, -1, -1, 1, -1, -1, 1, 0, -1, 0, -1, -1, -1, 0, 1, 1, -1, 0, 0, 0, 0, 1, 1, 1, 1, 0, 0, 0, 1, 1, -1, 1, 1, 1, 1, -1, 0, -1, -1, -1, 1, 1, 0, 0, 0, 1, -1, -1, -1, 0, 0, 1, -1, 1, 0, 1, -1, 0, 0, 1, 1, -1, 0, 1, -1, 0, 0, 1, 1, 1, -1, -1, 0, 0, -1, -1, -1, 0, 0, 0, 0, 1, -1, 1, -1, 0, 1, -1, -1, 0, -1, 1",13.0,"217, 445, 71, 87, 20, 363, 138, 388, 374, 135, 27, 479, 11, 500, 9, 266, 180, 247, 180, 459, 303, 177, 71, 467, 32, 315, 94, 307, 219, 416, 34, 463, 390, 86, 287, 263, 173, 390, 356, 259, 199, 89, 481, 94, 458, 22, 412, 128, 428, 261, 286, 189, 118, 194, 254, 204, 123, 22, 117, 334, 499, 358, 280, 281, 306, 384, 446, 37, 374, 481, 207, 363, 228, 119, 432, 332, 190, 423, 2, 73, 99, 117, 130, 61, 476, 435, 160, 427, 149, 491, 116, 107, 378, 485, 258, 8, 481, 167, 211, 317, 74, 49, 303, 25, 61, 311, 59, 408, 211, 272, 195, 394, 96, 135, 268, 329, 333, 421, 270, 379, 262, 426, 153, 187, 136, 155, 321","-1, 0, 0, -1, -1, 1, 0, 1, -1, 0, 1, 0, -1, 0, 1, -1, 0, -1, 1, 1, -1, 1, 0, 0, 0, 1, -1, 0, -1, 0, -1, 1, -1, -1, 1, 1, 0, 1, 1, -1, 1, 1, -1, 0, 1, 0, 1, 1, 1, 0, -1, -1, 1, 0, 0, 0, 0, -1, -1, -1, -1, 0, 0, 0, -1, -1, 1, -1, -1, -1, -1, 1, 0, 1, 1, 1, -1, -1, 0, 0, 0, -1, 1, 1, 1, 0, 0, -1, 1, -1, 0, -1, 1, 0, 0, -1, -1, 1, 0, -1, 1, 0, 0, -1, -1, -1, 1, 1, 0, 0, 1, 1, 1, 0, 0, 0, 0, -1, 1, -1, 1, 0, -1, 1, 1, 0, 1, 0, 0, 0, 0, 1, -1, -1, 0, 0, 1, 1, 1, 1, -1, 1, 0, -1, 0, -1, -1, 1, 0, 0, -1, 1, -1, 1, 0, 0, -1, 0, 1, -1, 1, 1, 0, -1, -1, 0, 1, 0, 0, 1, 0, 0, 0, -1, -1, -1, 1, -1, 0, 0, 0, 1, 0, 1, 1, 1, 1, -1, 1, -1, 1, -1, 0, 0, 1, 1, 1, 0, -1, 1, -1, 1, 0, -1, -1, 1, 1, 1, 0, 1, -1, 0, -1, 0, 1, 1, 0, -1, -1, 1, -1, 1, 0, -1, -1, -1, 1, -1, 0, -1, 1, -1, 0, 1, -1, 0, 1, 0, 0, -1, -1, 0, -1, 1, 0, 1, -1, 0, -1, -1, 0, 1, -1, -1",13.0,"-1, 0, 0, -1, -1, 1, 0, 1, -1, 0, 1, 0, -1, 0, 1, -1, 0, -1, 1, 1, -1, 1, 0, 0, 0, 1, -1, 0, -1, 0, -1, 1, -1, -1, 1, 1, 0, 1, 1, -1, 1, 1, -1, 0, 1, 0, 1, 1, 1, 0, -1, -1, 1, 0, 0, 0, 0, -1, -1, -1, -1, 0, 0, 0, -1, -1, 1, -1, -1, -1, -1, 1, 0, 1, 1, 1, -1, -1, 0, 0, 0, -1, 1, 1, 1, 0, 0, -1, 1, -1, 0, -1, 1, 0, 0, -1, -1, 1, 0, -1, 1, 0, 0, -1, -1, -1, 1, 1, 0, 0, 1, 1, 1, 0, 0, 0, 0, -1, 1, -1, 1, 0, -1, 1, 1, 0, 1, 0, 0, 0, 0, 1, -1, -1, 0, 0, 1, 1, 1, 1, -1, 1, 0, -1, 0, -1, -1, 1, 0, 0, -1, 1, -1, 1, 0, 0, -1, 0, 1, -1, 1, 1, 0, -1, -1, 0, 1, 0, 0, 1, 0, 0, 0, -1, -1, -1, 1, -1, 0, 0, 0, 1, 0, 1, 1, 1, 1, -1, 1, -1, 1, -1, 0, 0, 1, 1, 1, 0, -1, 1, -1, 1, 0, -1, -1, 1, 1, 1, 0, 1, -1, 0, -1, 0, 1, 1, 0, -1, -1, 1, -1, 1, 0, -1, -1, -1, 1, -1, 0, -1, 1, -1, 0, 1, -1, 0, 1, 0, 0, -1, -1, 0, -1, 1, 0, 1, -1, 0, -1, -1, 0, 1, -1, -1",13.0,55,55,624494.6239075661
"0, -1, 1, 1, 1, -1, -1, 0, 1, 0, 1, 0, 1, -1, 1, 1, -1, 0, -1, 1, 0, -1, 0, 0, 0, 1, -1, -1, -1, -1, -1, 0, 0, -1, 1, -1, 0, -1, 1, 0, -1, 1, 1, -1, 0, 0, -1, 0, 1, 1, 0, 1, 0, 1, 1, 1, 0, 0, 0, 0, -1, 0, 1, -1, -1, 0, -1, -1, 1, 0, 1, 1, 1, 0, 1, 1, 1, -1, 0, -1, -1, -1, 0, -1, 0, 1, 1, -1, 0, -1, 0, -1, -1, 0, 1, 1, 0, 1, -1, -1, -1, 0, 1, -1, 0, -1, 0, 1, 0, 1, 0, 1, 1, 0, 1, 1, 1, 1, -1, 1, -1, 0, -1, 0, -1, 0, -1","0, 0, 1, -1, 1, 0, 0, 0, 1, 1, 0, 0, -1, 0, -1, -1, 1, 1, -1, 1, 1, 1, 0, -1, 0, 1, 1, 0, 1, 1, 0, -1, 1, 0, 0, 0, 0, 0, -1, 0, -1, 1, 0, 1, 0, 0, -1, -1, 1, 1, 0, 0, 1, -1, -1, -1, 0, -1, 1, -1, -1, -1, -1, 1, -1, 0, -1, 0, -1, 1, -1, -1, 0, 0, -1, -1, 0, 0, 0, 0, -1, 1, -1, 0, 1, 0, 1, 1, -1, 1, -1, 1, 1, 1, 0, -1, 0, 0, -1, 0, 1, 0, 0, -1, 1, 0, -1, 1, 1, 1, -1, 1, -1, -1, 0, -1, 1, -1, 1, 1, -1, 1, 0, -1, 1, -1, 1",13.0,"87, 143, 423, 6, 96, 404, 389, 35, 50, 304, 452, 242, 221, 510, 502, 382, 127, 454, 49, 126, 296, 446, 276, 341, 181, 13, 75, 345, 224, 491, 223, 505, 80, 287, 309, 340, 332, 316, 350, 122, 466, 137, 130, 86, 399, 94, 292, 41, 124, 349, 339, 321, 215, 256, 350, 502, 361, 98, 434, 268, 316, 349, 332, 341, 429, 444, 70, 510, 262, 117, 80, 153, 185, 49, 237, 430, 208, 45, 237, 38, 148, 217, 101, 273, 14, 26, 490, 417, 141, 280, 193, 484, 186, 451, 280, 14, 271, 511, 210, 469, 160, 408, 375, 440, 462, 238, 484, 162, 483, 285, 324, 220, 366, 49, 241, 355, 262, 286, 113, 164, 136, 331, 114, 337, 205, 362, 94","1, 0, 1, 1, -1, -1, 1, -1, -1, -1, 0, 1, 0, -1, -1, 0, -1, -1, 0, 1, -1, 0, 0, 0, 0, 0, 1, 0, 1, -1, 0, -1, 0, 0, 1, 1, -1, -1, 0, 0, -1, 1, 1, 1, 0, 1, -1, 1, 1, 1, 1, -1, 1, 0, 1, 0, 1, -1, 1, 1, 0, 0, 1, 1, 0, 0, 0, 0, 1, -1, 1, 0, -1, 0, -1, -1, 1, -1, 1, -1, -1, -1, 0, 1, 0, 0, 1, 0, -1, 0, 0, 1, -1, 0, 1, -1, -1, -1, 1, -1, 1, 1, 0, 1, -1, 1, -1, -1, 1, -1, 0, 1, -1, 1, -1, 0, 0, -1, 1, -1, 0, 0, 0, -1, -1, 0, 0, -1, 1, -1, -1, 1, 0, 1, -1, 0, 1, 0, 0, 0, -1, 1, 1, 1, 1, 1, 0, 0, 1, -1, 1, 0, 1, -1, 0, 1, -1, -1, 1, 0, 0, 1, 0, -1, -1, 0, -1, 0, -1, -1, -1, 0, 0, 0, 0, 1, 0, -1, 1, 1, 0, 1, 1, -1, 0, -1, -1, -1, 0, -1, -1, -1, 1, 0, 1, 1, 1, 0, 1, 0, -1, -1, 1, 0, 1, 0, 1, 1, 0, -1, -1, 0, -1, 1, 1, 1, 0, -1, 1, 0, 1, 0, -1, 0, -1, 0, -1, -1, 0, -1, -1, -1, -1, 1, -1, 1, 0, 1, 0, 1, 0, 1, 0, 1, -1, -1, -1, 1, 1, 0, -1, 0, -1, 0",13.0,"1, 0, 1, 1, -1, -1, 1, -1, -1, -1, 0, 1, 0, -1, -1, 0, -1, -1, 0, 1, -1, 0, 0, 0, 0, 0, 1, 0, 1, -1, 0, -1, 0, 0, 1, 1, -1, -1, 0, 0, -1, 1, 1, 1, 0, 1, -1, 1, 1, 1, 1, -1, 1, 0, 1, 0, 1, -1, 1, 1, 0, 0, 1, 1, 0, 0, 0, 0, 1, -1, 1, 0, -1, 0, -1, -1, 1, -1, 1, -1, -1, -1, 0, 1, 0, 0, 1, 0, -1, 0, 0, 1, -1, 0, 1, -1, -1, -1, 1, -1, 1, 1, 0, 1, -1, 1, -1, -1, 1, -1, 0, 1, -1, 1, -1, 0, 0, -1, 1, -1, 0, 0, 0, -1, -1, 0, 0, -1, 1, -1, -1, 1, 0, 1, -1, 0, 1, 0, 0, 0, -1, 1, 1, 1, 1, 1, 0, 0, 1, -1, 1, 0, 1, -1, 0, 1, -1, -1, 1, 0, 0, 1, 0, -1, -1, 0, -1, 0, -1, -1, -1, 0, 0, 0, 0, 1, 0, -1, 1, 1, 0, 1, 1, -1, 0, -1, -1, -1, 0, -1, -1, -1, 1, 0, 1, 1, 1, 0, 1, 0, -1, -1, 1, 0, 1, 0, 1, 1, 0, -1, -1, 0, -1, 1, 1, 1, 0, -1, 1, 0, 1, 0, -1, 0, -1, 0, -1, -1, 0, -1, -1, -1, -1, 1, -1, 1, 0, 1, 0, 1, 0, 1, 0, 1, -1, -1, -1, 1, 1, 0, -1, 0, -1, 0",13.0,52,52,343621.81610941887
